year,g,ab,r,h,double,triple,hr,rbi,sb,cs,bb,so,ibb,hbp,sh,sf,g_idp,ob,pa,tb,ab_per_g,r_per_ab,batting_avg,double_per_ab,triple_per_ab,hr_per_ab,rbi_per_ab,sb_per_ob,cs_per_ob,sb_ratio,bb_per_pa,so_per_ab,slg,obp,rc,rc_per_ab,babip,iso,pa_per_so
1970,29,83.6585365853658537,8.9512195121951220,20.0975609756097561,3.0243902439024390,0.80487804878048780488,0.70731707317073170732,6.8536585365853659,1.7804878048780488,0.87804878048780487805,6.3170731707317073,13.7073170731707317,0.36585365853658536585,0.41463414634146341463,0.65853658536585365854,0.60975609756097560976,1.9024390243902439,27.1951219512195122,92.0243902439024390,26.8536585365853659,2.8323699421965318,0.10699708454810495627,0.24023323615160349854,0.03615160349854227405,0.00962099125364431487,0.00845481049562682216,0.08192419825072886297,0.06547085201793721973,0.03228699551569506726,0.66972477064220183486,0.06864564007421150278,0.16384839650145772595,0.32099125364431486880,0.29482712409541677834,323.2266196801301166,0.08761903488211713650,0.27758379888268156425,0.08075801749271137026,6.5640569395017794
1971,54,165.5857142857142857,19.0857142857142857,40.3000000000000000,5.9714285714285714,1.1142857142857143,2.5142857142857143,14.8000000000000000,3.0285714285714286,1.3571428571428571,14.9857142857142857,25.9857142857142857,1.2428571428571429,1.1714285714285714,1.6428571428571429,1.0428571428571429,3.4000000000000000,57.7000000000000000,185.6714285714285714,56.0428571428571429,3.0454545454545455,0.11526184108359934432,0.24337848330601328617,0.03606246225519799845,0.00672935898541972220,0.01518419463376757829,0.08937969113967733586,0.05248823966328299084,0.02352067343401832137,0.69055374592833876221,0.08071093329229822267,0.15693210249331377793,0.33845224743335346389,0.30887065259867135600,1201.1083860759493671,0.09502439763259093094,0.27355465922018823043,0.09507376412734017772,6.9488730071467839
1972,67,214.5825242718446602,22.9126213592233010,52.6990291262135922,7.8446601941747573,1.4757281553398058,3.5631067961165049,19.0582524271844660,4.2621359223300971,2.3592233009708738,17.9320388349514563,33.7961165048543689,1.5728155339805825,1.1844660194174757,2.3592233009708738,1.1650485436893204,4.4854368932038835,73.3883495145631068,238.7961165048543689,74.1844660194174757,3.1920854997111496,0.10677766717944077459,0.24558863451271378156,0.03655777757668989232,0.00687720568274364311,0.01660483214188761198,0.08881549181069586463,0.05807646514089165233,0.03214710940600608546,0.64369501466275659824,0.07509351114002276793,0.15749705908967514252,0.34571531988055379604,0.30577487495349510148,2321.1104847801578354,0.09691888950604024533,0.27544356155437030587,0.10012668536784001448,6.8799195633438667
1973,75,231.5915492957746479,29.0845070422535211,59.5352112676056338,8.7535211267605634,1.8450704225352113,4.8943661971830986,25.0211267605633803,4.2957746478873239,2.6690140845070423,22.1971830985915493,35.9718309859154930,2.0845070422535211,1.3732394366197183,2.0070422535211268,1.8309859154929577,5.2394366197183099,85.1901408450704225,261.0845070422535211,86.6619718309859155,3.0763330215154350,0.12558535547041294168,0.25706987775953293195,0.03779723894666423402,0.00796691601289302439,0.02113361308763607614,0.10803989539621723530,0.05042572538645945276,0.03133008183847234852,0.61678463094034378160,0.08501915088741436047,0.15532445417502888767,0.37420178799489144317,0.32337708601649631436,3963.1343581774793274,0.10997098502074142093,0.28376549756793329188,0.11713191023535851122,7.0552075176194205
1974,79,244.0520833333333333,29.5052083333333333,63.7812500000000000,9.6197916666666667,1.8437500000000000,4.0104166666666667,26.2031250000000000,5.4010416666666667,2.9531250000000000,22.5833333333333333,35.1822916666666667,2.1875000000000000,1.4427083333333333,2.9895833333333333,1.9114583333333333,5.7083333333333333,89.9947916666666667,275.1666666666666667,89.1197916666666667,3.0624142212927260,0.12089717871014554612,0.26134278031499423791,0.03941696188484356993,0.00755473985231977464,0.01643262623244696743,0.10736693840966323787,0.06001504716708142832,0.03281439898142253603,0.64650872817955112219,0.08207147183525136281,0.14415894831192112339,0.36516710060181825942,0.32522473860874262124,5542.3409383912177208,0.10826153335139308749,0.28906801007556675063,0.10382432028682402151,7.5786824574389341
1975,85,269.2217194570135747,33.8009049773755656,70.6063348416289593,11.2850678733031674,2.1266968325791855,5.0452488687782805,29.9954751131221719,5.8506787330316742,3.2850678733031674,26.5158371040723982,37.9411764705882353,2.6199095022624434,1.5837104072398190,3.6515837104072398,2.1764705882352941,6.1990950226244344,101.3257918552036199,305.7692307692307692,101.2805429864253394,3.1408963733305179,0.12555043867020740193,0.26226091633332212847,0.04191737537396214999,0.00789942519076271471,0.01874012571851154661,0.11141550976503411879,0.05774125842897333988,0.03242084580002679409,0.64041604754829123328,0.08671846096929337773,0.14092910686073481462,0.37619751924434434771,0.32957137893003369140,7350.7254199944918755,0.11246864071719593432,0.28703025020305473563,0.11393660291102221923,7.7946332737030411
1976,85,267.8341232227488152,32.4644549763033175,69.4454976303317536,10.8862559241706161,2.3364928909952607,4.1184834123222749,28.1232227488151659,7.0331753554502370,3.6113744075829384,24.8720379146919431,37.2748815165876777,2.0331753554502370,1.4928909952606635,3.0426540284360190,2.2796208530805687,5.7677725118483412,97.8436018957345972,301.5545023696682464,97.3601895734597156,3.1326496674057650,0.12121104878523525560,0.25928547413869375188,0.04064551519119494630,0.00872365650381328190,0.01537699290428750907,0.10500238883088846814,0.07188181157665294260,0.03690966335674497457,0.66073018699910952805,0.08247941157980763186,0.13917151805779201246,0.36350928105037778918,0.32316127691545310677,6619.4887226566927349,0.10717910530361705178,0.28561956071280563614,0.10422380691168403730,7.8526382708200890
1977,88,281.2787610619469027,37.3495575221238938,75.4823008849557522,12.9601769911504425,2.6637168141592920,6.4469026548672566,32.8008849557522124,6.4778761061946903,3.7876106194690265,25.8849557522123894,40.6504424778761062,2.2256637168141593,1.5884955752212389,2.8141592920353982,2.3097345132743363,5.9557522123893805,105.1814159292035398,316.1017699115044248,113.1106194690265487,3.1626368159203980,0.13278484796048388365,0.26835407195331057591,0.04607591750696094008,0.00947002469757271626,0.02291997671821170696,0.11661344365964542466,0.06158764881578393841,0.03601026460813596399,0.63103448275862068966,0.08188804434552555327,0.14452012773521685098,0.40212996901005206940,0.33098150782361308677,8436.0588167504573676,0.12152377327173334919,0.29191535539880629409,0.13377589705674149350,7.5562207467073038
1978,90,284.7678571428571429,35.4062500000000000,74.8750000000000000,12.3571428571428571,2.4866071428571429,5.4196428571428571,30.8616071428571429,7.1428571428571429,3.7812500000000000,26.0491071428571429,38.2366071428571429,2.2410714285714286,1.5669642857142857,3.5937500000000000,2.4419642857142857,6.1071428571428571,104.7321428571428571,320.6607142857142857,108.4642857142857143,3.1294706372957857,0.12433373048222236157,0.26293346710980121653,0.04339374176961183922,0.00873204991534457892,0.01903179281369536590,0.10837461591521916348,0.06820119352088661552,0.03610400682011935209,0.65386187167960768288,0.08123572979896419224,0.13427290399448172070,0.38088668715118831128,0.32554841820167042441,7889.0549387415078351,0.11331104575702724437,0.28517486619253610969,0.11795322004138709475,8.1287799182720374
1979,95,308.0969387755102041,41.7500000000000000,84.1836734693877551,13.8265306122448980,2.7959183673469388,6.6887755102040816,36.6836734693877551,7.6887755102040816,4.0408163265306122,27.8163265306122449,40.7704081632653061,2.4846938775510204,1.6479591836734694,3.8622448979591837,2.7244897959183673,6.8775510204081633,116.1326530612244898,346.6326530612244898,123.6683673469387755,3.2134418901660281,0.13550929835891831023,0.27323761736797655124,0.04487720867074039114,0.00907480086773643334,0.02170997068905559144,0.11906536175004553960,0.06620683595466127757,0.03479483349442052544,0.65550239234449760766,0.08024727700912569915,0.13232980608409094673,0.40139433984135658337,0.33397804965815041382,8081.7528820304075092,0.12275023742812630066,0.29425211646874212984,0.12815672247338003213,8.2391440370416719
1980,85,269.4188481675392670,34.6596858638743455,71.8795811518324607,11.6544502617801047,2.4083769633507853,5.0104712041884817,29.5863874345549738,8.0994764397905759,3.7120418848167539,24.0575916230366492,36.2356020942408377,2.3507853403141361,1.3246073298429319,3.2041884816753927,2.3612565445026178,6.2408376963350785,99.6125654450261780,302.7172774869109948,103.3821989528795812,3.1519661889011393,0.12864610660914514468,0.26679492411434345790,0.04325773917099049729,0.00893915544413999495,0.01859732991313472862,0.10981558133659806837,0.08130978660779985283,0.03726479554294123831,0.68572695035460992908,0.07947214583441429288,0.13449542354107153268,0.38372296391301813094,0.32730187814933577645,6454.9488707317943412,0.11515590093002808615,0.29006177325581395349,0.11692803979867467304,8.0991186244762318
1981,54,167.7384615384615385,19.8000000000000000,43.4717948717948718,7.1538461538461538,1.3948717948717949,2.8358974358974359,17.6923076923076923,4.5743589743589744,2.3179487179487179,15.0000000000000000,22.6205128205128205,1.5948717948717949,0.87692307692307692308,1.8923076923076923,1.2564102564102564,3.8512820512820513,60.9435897435897436,188.3589743589743590,61.9230769230769231,3.0773355913068021,0.11804090617261304228,0.25916414442508178177,0.04264881225350820875,0.00831575407380231740,0.01690666177504662325,0.10547555718609557003,0.07505890272635476271,0.03803433187478963312,0.66369047619047619048,0.07963517560577184863,0.13485585007184566939,0.36916445015133449509,0.32102635228848821082,3863.7018016501094460,0.10842739523068163681,0.28310110753840657378,0.11000030572625271332,8.0784402629789163
1982,79,250.6811594202898551,32.3285024154589372,66.0628019323671498,11.1014492753623188,1.9275362318840580,5.4396135265700483,28.0531400966183575,8.0289855072463768,3.4927536231884058,21.6280193236714976,36.1014492753623188,2.1304347826086957,1.1739130434782609,2.5507246376811594,1.9227053140096618,5.0579710144927536,90.9951690821256039,280.0869565217391304,97.3381642512077295,3.1685290346217256,0.12896263321192499663,0.26353317530978397025,0.04428513615077759149,0.00768919465803318495,0.02169933129058989035,0.11190765257944537588,0.08823529411764705882,0.03838394563601613931,0.69685534591194968553,0.07721894511711338784,0.14401341273053130601,0.38829469464839760267,0.32266835061130698662,6488.5156116945784842,0.11510991363352573241,0.28722819867246509499,0.12476151933861363242,7.5428877291583032
1983,80,250.9174311926605505,32.3577981651376147,66.4128440366972477,11.2935779816513761,2.2247706422018349,5.4954128440366972,28.6467889908256881,8.1422018348623853,3.5229357798165138,22.9357798165137615,38.3944954128440367,2.2247706422018349,1.2660550458715596,2.1055045871559633,2.0642201834862385,5.3990825688073394,92.8394495412844037,281.5137614678899083,98.6422018348623853,3.1207211319032405,0.12895795246800731261,0.26468007312614259598,0.04500914076782449726,0.00886654478976234004,0.02190127970749542962,0.11416819012797074954,0.08770196155936558130,0.03794653886061564307,0.69799449469130947700,0.08147303242626690565,0.15301645338208409506,0.39312614259597806216,0.32691225631350743058,7015.9951758793969849,0.11752085721741033476,0.29134307402044666754,0.12844606946983546618,7.1326164874551971
1984,84,267.5185185185185185,35.5416666666666667,71.1990740740740741,12.0601851851851852,2.2453703703703704,6.2083333333333333,30.5277777777777778,8.3148148148148148,3.6990740740740741,24.8472222222222222,41.7592592592592593,2.1388888888888889,1.3611111111111111,2.0972222222222222,2.2592592592592593,5.4537037037037037,99.5462962962962963,300.2222222222222222,106.3750000000000000,3.1488202277805024,0.13285684618579537588,0.26614633808666758964,0.04508168351100650699,0.00839332687249065485,0.02320711615672158383,0.11411463380866675896,0.08352711375685982699,0.03715933401544042415,0.69210019267822736031,0.08276276831976313842,0.15609857399972310674,0.39763602381282015783,0.32909452082649023196,7548.2706845497300122,0.11952733423935852183,0.29300160714658429171,0.13148968572615256818,7.0012195121951220
1985,90,286.0787037037037037,37.4629629629629630,75.0787037037037037,13.0787037037037037,2.3240740740740741,7.1851851851851852,33.2268518518518519,8.0601851851851852,3.6805555555555556,25.8564814814814815,45.5925925925925926,2.4351851851851852,1.4212962962962963,2.3657407407407407,2.0370370370370370,6.3935185185185185,104.7916666666666667,320.1944444444444444,114.3611111111111111,3.1771813460846316,0.13095334422992895635,0.26244072953247131552,0.04571715242826857411,0.00812389752884630945,0.02511611347563639894,0.11614584176201187837,0.07691628009719461012,0.03512259774685222001,0.68651419558359621451,0.08075243630895578497,0.15937080251808457269,0.39975401744534170537,0.32453577981651376147,7993.0096470658078304,0.11862936933518073897,0.28849369504062321720,0.13731328791287038985,6.8417952883834281
1986,88,281.7393162393162393,38.3547008547008547,74.3333333333333333,13.3205128205128205,2.0256410256410256,7.6495726495726496,34.3076923076923077,8.3461538461538462,3.8632478632478632,27.0384615384615385,49.4487179487179487,2.3675213675213675,1.5170940170940171,2.4572649572649573,2.2307692307692308,5.7435897435897436,105.2564102564102564,317.3504273504273504,114.6538461538461538,3.1911999612759572,0.13613542251277928618,0.26383727456125714806,0.04727956679357471142,0.00718977050373898403,0.02715124304154595234,0.12177104979750329910,0.07929354445797807552,0.03670320747056435242,0.68358417920896044802,0.08520064637759224347,0.17551230906912190756,0.40695011148694768456,0.32921743173209719544,8807.9650815179782434,0.12190280235721175635,0.29392706449668474985,0.14311283692569053650,6.2444041137326074
1987,85,273.8852459016393443,39.3524590163934426,74.0409836065573770,13.6024590163934426,2.1967213114754098,8.5450819672131148,35.8688524590163934,8.5901639344262295,3.4549180327868852,26.5901639344262295,47.6762295081967213,2.3524590163934426,1.5450819672131148,2.0368852459016393,2.1434426229508197,5.5368852459016393,104.5286885245901639,308.5532786885245902,117.6721311475409836,3.1978179730117715,0.14368228886095648531,0.27033578739450529718,0.04966481115700005986,0.00802059017178428204,0.03119949721673550009,0.13096306937211947088,0.08217996471280141149,0.03305234267790629288,0.71316774413065668595,0.08617689640973873311,0.17407374154545998683,0.42964027054528042138,0.33592486795300204808,9615.8334879153254406,0.13115600261764588140,0.29796953368262077452,0.15930448315077512420,6.3024155419926072
1988,89,285.1538461538461538,35.9829059829059829,73.5341880341880342,13.2905982905982906,1.9743589743589744,6.7008547008547009,32.8547008547008547,7.8290598290598291,3.3803418803418803,25.4273504273504274,47.0897435897435897,2.7051282051282051,1.9700854700854701,2.5341880341880342,2.4444444444444444,5.6965811965811966,103.6367521367521368,320.2350427350427350,110.8760683760683761,3.1842519685039370,0.12618769295327158829,0.25787549081317627312,0.04660851841860743938,0.00692383778437190900,0.02349908581362587297,0.11521745646374726493,0.07554327656591480764,0.03261721166137478867,0.69843690430804422417,0.07940214852872489491,0.16513802715583131013,0.38882894224140514942,0.32042220081672523030,8266.9432137156695470,0.11375066340629189206,0.28584745298020507759,0.13095345142822887630,6.5955168345584899
1989,87,274.3185840707964602,34.9203539823008850,70.8008849557522124,12.1991150442477876,1.8141592920353982,6.1238938053097345,31.3982300884955752,6.5796460176991150,3.0575221238938053,25.1681415929203540,45.4513274336283186,2.7079646017699115,1.6902654867256637,2.8185840707964602,2.2654867256637168,5.7831858407079646,100.3672566371681416,308.9690265486725664,105.0000000000000000,3.1347524902664712,0.12729853538937996000,0.25809729659978063101,0.04447061100716175237,0.00661332989225111298,0.02232402090457448868,0.11445899735466804310,0.06555570250848653176,0.03046334259136798483,0.68273645546372819100,0.08145846162659143311,0.16568810891025227434,0.38276663010516807536,0.32183790720055994634,7604.1600673719047338,0.11234797097352261589,0.28744198851569259813,0.12466933350538744435,6.5891744548286604
1990,82,257.3833333333333333,33.5458333333333333,68.1833333333333333,12.1250000000000000,1.6916666666666667,6.1833333333333333,30.9083333333333333,6.3333333333333333,2.9250000000000000,23.9791666666666667,42.3708333333333333,2.1583333333333333,1.5416666666666667,2.4125000000000000,2.2833333333333333,5.4208333333333333,95.8625000000000000,289.7583333333333333,102.2416666666666667,3.1133511415755254,0.13033413196917697339,0.26490966781065855080,0.04710872239849770122,0.00657255714563232533,0.02402382956679401671,0.12008677070517386518,0.06606684921980266875,0.03051245273177728517,0.68406840684068406841,0.08275574472980357194,0.16462151136437220747,0.39723499320080295279,0.32857038498064139090,8037.6149095917188680,0.11902816517232690432,0.29368227840606311801,0.13232532539014440199,6.6404759563378897
1991,86,262.3145161290322581,33.7661290322580645,68.7298387096774194,12.5362903225806452,1.8548387096774194,6.1209677419354839,32.0403225806451613,6.1008064516129032,3.1088709677419355,25.3750000000000000,44.7298387096774194,2.0201612903225806,1.7338709677419355,2.7177419354838710,2.3185483870967742,5.6854838709677419,97.8588709677419355,296.4798387096774194,103.3387096774193548,3.0501687921980495,0.12872382943400866972,0.26201309681187936176,0.04779106588372736496,0.00707104866726104467,0.02333446060196144741,0.12214467980447013251,0.06234290658865219004,0.03176892331781284767,0.66243432574430823117,0.08558760727351857141,0.17051987579549297507,0.39394964183601315830,0.32850508624502432552,8383.0611518353960223,0.11749703774279781942,0.29286280131276170357,0.13193654502413379654,6.4317136933201118
1992,82,259.9880478087649402,31.9282868525896414,67.7091633466135458,11.9482071713147410,1.8167330677290837,5.5816733067729084,29.5418326693227092,6.6972111553784861,3.3545816733067729,23.8964143426294821,41.5258964143426295,2.1115537848605578,2.0199203187250996,2.2788844621513944,2.3306772908366534,5.7729083665338645,95.7370517928286853,292.6254980079681275,100.0358565737051793,3.1616763565891473,0.12280674870128875063,0.26043183106793140966,0.04595675559710069418,0.00698775610279357004,0.02146896118424077111,0.11362765680310158297,0.06995422388680815647,0.03503953391593841032,0.66627031311930241776,0.08166210567877030320,0.15972232863907320287,0.38477098242334155723,0.32482342045972880700,8102.3259701073608870,0.11370887615054888621,0.28868155059424636232,0.12433915135541014757,6.8363235153026960
1993,86,280.7283950617283951,38.9835390946502058,75.9382716049382716,13.8271604938271605,1.8518518518518519,7.7654320987654321,36.9341563786008230,6.8971193415637860,3.5185185185185185,27.2510288065843621,47.2222222222222222,2.8765432098765432,2.4732510288065844,2.3251028806584362,2.7613168724279835,5.9547325102880658,108.5390946502057613,318.4156378600823045,116.7654320987654321,3.2454921737475617,0.13886567864315346614,0.27050441971942477682,0.04925458463432868640,0.00659659615638330621,0.02766172654910066406,0.13156544556342260727,0.06354502369668246445,0.03241706161137440758,0.66218885815883050178,0.08558319870759289176,0.16821320198777430846,0.41593737631382206781,0.33734939759036144578,9506.7818917943852804,0.12702978249033772873,0.29834672045528221014,0.14543295659439729100,6.5219172113289760
1994,66,215.1845493562231760,31.0085836909871245,58.2360515021459227,11.4935622317596567,1.3862660944206009,6.7467811158798283,29.4120171673819742,4.9012875536480687,2.2746781115879828,20.9570815450643777,39.3605150214592275,1.9270386266094421,1.9828326180257511,1.6781115879828326,2.0214592274678112,4.6351931330472103,83.1030042918454936,243.7510729613733906,92.7424892703862661,3.2253457703441621,0.14410227771351071044,0.27063305277434281383,0.05341258127567912561,0.00644221947425106705,0.03135346443815070406,0.13668275559455901711,0.05897846408097918711,0.02737179156122501678,0.68301435406698564593,0.08597739197802584780,0.18291515417447843951,0.43099046631297618573,0.33802766558244272081,7246.8560731357118191,0.13171072996011907852,0.30093312597200622084,0.16035741353863337189,5.9994548031839494
1995,78,245.8740157480314961,35.1968503937007874,66.5944881889763780,12.5787401574803150,1.6417322834645669,7.3700787401574803,32.7992125984251969,5.5078740157480315,2.5196850393700787,24.4527559055118110,46.2716535433070866,1.8307086614173228,2.4409448818897638,1.7125984251968504,2.0472440944881890,5.4212598425196850,95.3188976377952756,278.3582677165354331,104.5669291338582677,3.1469891660367851,0.14314993915326971114,0.27084801127265740088,0.05115929033497726254,0.00667712803433036572,0.02997502081598667777,0.13339845000960737847,0.05778365205898145471,0.02643426541654619801,0.68612064737616478666,0.08784634315375585194,0.18819253186447191443,0.42528662012425542817,0.34018595189318510666,8945.5246639383656409,0.13028158781204383206,0.30484122641700609966,0.15443860885159802728,5.8421679571173317
1996,81,253.9534883720930233,36.8178294573643411,69.6627906976744186,13.2480620155038760,1.4806201550387597,7.5116279069767442,33.7131782945736434,5.6317829457364341,2.3372093023255814,24.2131782945736434,47.7093023255813953,1.8992248062015504,2.3720930232558140,1.8372093023255814,2.2674418604651163,5.8255813953488372,98.1472868217054264,286.5426356589147287,108.4069767441860465,3.1213377161640703,0.14497863247863247863,0.27431318681318681319,0.05216727716727716728,0.00583028083028083028,0.02957875457875457875,0.13275335775335775336,0.05738093357554695522,0.02381328489060895664,0.70671206225680933852,0.08450113624066659452,0.18786630036630036630,0.42687728937728937729,0.34033221862836467299,9439.0065071690331211,0.13152293543228828182,0.30920976512784912646,0.15256410256410256410,5.8304492647656187
1997,81,253.9379844961240310,34.6395348837209302,67.9418604651162791,13.5155038759689922,1.6279069767441860,7.1782945736434109,32.5155038759689922,5.8953488372093023,2.7713178294573643,23.5852713178294574,48.4844961240310078,1.5426356589147287,2.3914728682170543,1.9689922480620155,2.0658914728682171,5.5736434108527132,95.4612403100775194,285.4922480620155039,106.2480620155038760,3.1160998810939358,0.13640942670492704072,0.26755296416142621650,0.05322364002686366689,0.00641064778069479211,0.02826790402344465474,0.12804505769583002625,0.06175646595476876852,0.02903081732916480572,0.68023255813953488372,0.08261265052880242204,0.19093045973502655840,0.41840161182001343183,0.33306758669983917747,9040.4738481306127009,0.12626183779738568876,0.30330057266676984987,0.15084864765858721534,5.7239587497002158
1998,78,252.5970149253731343,34.3694029850746269,67.7611940298507463,13.2873134328358209,1.6231343283582090,6.9029850746268657,31.5970149253731343,5.2611940298507463,2.5149253731343284,22.7238805970149254,46.6455223880597015,1.5074626865671642,2.5223880597014925,1.8843283582089552,1.9216417910447761,5.4402985074626866,94.5149253731343284,283.1567164179104478,105.0037313432835821,3.1984880699267659,0.13606416922713306547,0.26825809501299929095,0.05260281257385960766,0.00642578586622547861,0.02732805483337272512,0.12508863152918931695,0.05566521910777733912,0.02660876431109356494,0.67658349328214971209,0.08025195688269245974,0.18466379106594185772,0.41569664381942803120,0.33244861757605665737,9248.6277884693573307,0.12534393771812210081,0.30282213145191236539,0.14743854880642874025,5.9024078073754100
1999,86,276.6269841269841270,40.4603174603174603,75.9325396825396825,15.0714285714285714,1.7341269841269841,8.4246031746031746,36.9047619047619048,6.2341269841269841,2.6111111111111111,27.1984126984126984,48.4801587301587302,1.6349206349206349,2.6865079365079365,1.8055555555555556,2.3492063492063492,6.2460317460317460,107.4523809523809524,312.3015873015873016,119.7460317460317460,3.2097799060686988,0.14626308994405393774,0.27449433366805336394,0.05448285755271840482,0.00626882800172141730,0.03045474107014775498,0.13340984076889972744,0.05801757884629588596,0.02430016987960706108,0.70480035890533871691,0.08709021601016518424,0.17525462630899440539,0.43287907043465786831,0.34260532165019978672,10242.9870957630217857,0.13378333284262867386,0.30399199456774239663,0.15838473676660450438,6.2670049930424818
2000,83,267.7631578947368421,40.7142857142857143,74.1654135338345865,14.6015037593984962,1.8721804511278195,8.8270676691729323,37.3721804511278195,5.5150375939849624,2.2819548872180451,27.8421052631578947,46.4548872180451128,1.8007518796992481,2.5225563909774436,1.6992481203007519,2.3834586466165414,6.2293233082706767,106.3308270676691729,304.0112781954887218,118.9924812030075188,3.2086223984142716,0.15205335205335205335,0.27698139698139698140,0.05453141453141453141,0.00699192699192699193,0.03296595296595296595,0.13957177957177957178,0.05186677980483665677,0.02146089661999717155,0.70732883317261330762,0.09158247492796814523,0.17349245349245349245,0.44439452439452439452,0.34784077261809447558,10922.478004858135,0.13890803887599210022,0.30409070231304895545,0.16741312741312741313,6.3632758760216881
2001,83,269.4274809160305344,37.5305343511450382,72.3816793893129771,14.8778625954198473,1.6755725190839695,8.2977099236641221,35.3435114503816794,5.8167938931297710,2.5458015267175573,23.3358778625954198,49.8206106870229008,1.9312977099236641,3.2442748091603053,1.9847328244274809,2.3587786259541985,5.7900763358778626,100.8931297709923664,302.2824427480916031,115.5038167938931298,3.2141881431563610,0.13929735089956084431,0.26864995041790621901,0.05522028615951267885,0.00621901119138688199,0.03079756339424847712,0.13118005383198753364,0.05765302262238026784,0.02523265491412574714,0.69557279780921953446,0.07719891916462536933,0.18491287717807054824,0.42870094914293809321,0.33167886199662283170,9894.0138193575302461,0.12898954186688478106,0.29992318822457619549,0.16005099872503187420,5.8763502643070558
2002,85,277.1219512195121951,38.1178861788617886,73.2073170731707317,15.0406504065040650,1.8414634146341463,8.3048780487804878,35.1016260162601626,4.8455284552845528,2.4065040650406504,25.3983739837398374,52.1260162601626016,2.0934959349593496,3.0487804878048780,2.0650406504065041,2.2479674796747967,6.1747967479674797,103.7479674796747967,311.9756097560975610,116.8455284552845528,3.2500000000000000,0.13754914040955230887,0.26417004048582995951,0.05427448219210232940,0.00664495687378982573,0.02996831543742298891,0.12666490641319016605,0.04670480369876968890,0.02319567432019434214,0.66816143497757847534,0.08141140906366455581,0.18809775274306166755,0.42163938273778090712,0.33024312296131954624,9369.0299381886589626,0.12589397928229856171,0.29644070628864256670,0.15746934225195094760,5.8036340949855728
2003,87,287.7800829875518672,40.0290456431535270,77.3195020746887967,15.5228215767634855,1.9170124481327801,8.3734439834024896,36.4439834024896266,5.5103734439834025,2.1742738589211618,25.1369294605809129,51.9211618257261411,1.9170124481327801,3.3941908713692946,2.1825726141078838,2.2821576763485477,6.2572614107883817,107.7676348547717842,322.6929460580912863,121.7966804979253112,3.2762530114790496,0.13909595559080095163,0.26867565424266455194,0.05393987455843125946,0.00666137985725614592,0.02909667651935693173,0.12663831014346478264,0.05113198829508701679,0.02017557369474819036,0.71706263498920086393,0.07789736270236212373,0.18041958041958041958,0.42322831807367889842,0.33224365402899154739,9610.8665084269290441,0.12744310010776562455,0.30006862426409506266,0.15455266383101434648,6.0267721569567650
2004,86,286.5739130434782609,41.1391304347826087,78.0391304347826087,15.5869565217391304,2.0565217391304348,8.8086956521739130,36.8217391304347826,6.0869565217391304,2.4478260869565217,25.7304347826086957,53.3652173913043478,1.7086956521739130,3.2347826086956522,2.3130434782608696,2.1391304347826087,5.5956521739130435,108.7130434782608696,321.7000000000000000,124.1652173913043478,3.3148259907463287,0.14355504308775336813,0.27231763563539264474,0.05439070275518873650,0.00717623497997329773,0.03073795363514989683,0.12848950115305255492,0.05599104143337066069,0.02251639737641977284,0.71319409067753438614,0.07998270059872146612,0.18621798761985677874,0.43327466925597766719,0.33683245285084717926,9488.9849088124738967,0.13210336779635909643,0.30560033778596652848,0.16095703362058502245,5.8522079191787518
2005,85,282.2278481012658228,38.8438818565400844,76.0295358649789030,15.3797468354430380,2.0590717299578059,8.1983122362869198,35.6455696202531646,5.5400843881856540,2.2616033755274262,24.5822784810126582,51.3797468354430380,1.8776371308016878,3.1856540084388186,2.0168776371308017,2.1012658227848101,6.2784810126582278,105.6751054852320675,315.9915611814345992,120.1223628691983122,3.3068670588816928,0.13763305824662121756,0.26939062313120440139,0.05449407965554359526,0.00729577801698361440,0.02904855878483434996,0.12630068173663437388,0.05242563385905370333,0.02140147734078658415,0.71011357490535424554,0.07779409801041527574,0.18205059203444564047,0.42562193517521827533,0.33258074546757337732,9335.7992271089473829,0.12839067067014532804,0.30180603011301768483,0.15623131204401387394,5.9714215323971422
2006,87,289.0000000000000000,42.2975206611570248,80.0661157024793388,16.3677685950413223,1.9545454545454545,9.3842975206611570,38.7768595041322314,5.5289256198347107,2.1942148760330579,27.1074380165289256,55.5206611570247934,2.5123966942148760,3.3471074380165289,1.9421487603305785,2.3966942148760331,6.7644628099173554,113.0330578512396694,326.3057851239669421,128.4958677685950413,3.3202620584884163,0.14635820297978209271,0.27704538305356172610,0.05663587749149246475,0.00676313306071091538,0.03247161771855071635,0.13417598444336412251,0.04891423557797762667,0.01941215178767273525,0.71589085072231139647,0.08307372793354101765,0.19211301438416883525,0.44462237982212817067,0.34339050944946589975,10542.835838845460,0.13781845066335668922,0.31207239422743609859,0.16757699676856644457,5.6935099732063114
2007,89,294.1687763713080169,42.8270042194092827,80.8101265822784810,17.1308016877637131,2.0000000000000000,9.4345991561181435,40.6118143459915612,5.8945147679324895,1.8776371308016878,28.2151898734177215,57.3713080168776371,2.2616033755274262,3.4261603375527426,1.5569620253164557,2.5991561181434599,6.7848101265822785,114.7130801687763713,332.2278481012658228,130.2447257383966245,3.2785328003762050,0.14558650563699475028,0.27470667546401216329,0.05823460225479790011,0.00679881809575719326,0.03207206173441578932,0.13805616913852950458,0.05138485305476882333,0.01636811711479751352,0.75841476655808903366,0.08492722700601996495,0.19502854356120370636,0.44275509911357181789,0.34241260133876376344,10439.0845101760355998,0.13662829016656024605,0.31037962606190712097,0.16804842364955965461,5.6192542472604251
2008,89,305.7842323651452282,44.1950207468879668,83.5228215767634855,17.5103734439834025,1.9917012448132780,9.6390041493775934,40.9751037344398340,5.9875518672199170,2.1742738589211618,29.5477178423236515,60.3112033195020747,2.3112033195020747,3.1161825726141079,1.7136929460580913,2.5933609958506224,6.6763485477178423,118.4979253112033195,345.0663900414937759,133.9336099585062241,3.4103382849738535,0.14453008386028713328,0.27314299671615056857,0.05726382066382609168,0.00651342035986647488,0.03152224061660379407,0.13400005427850299889,0.05052874851180054626,0.01834862385321100917,0.73360447381799694967,0.08562908093938264331,0.19723451027220669254,0.43800037994952099221,0.34068206981299655680,10883.8148858503990596,0.13467567760750354587,0.30987974452237169558,0.16485738323337042364,5.5600275197798418
2009,95,320.1500000000000000,45.3250000000000000,86.5666666666666667,17.6458333333333333,2.1333333333333333,10.2833333333333333,41.9708333333333333,6.9666666666666667,2.6375000000000000,32.3916666666666667,64.1125000000000000,2.3250000000000000,3.0333333333333333,2.0500000000000000,2.6208333333333333,7.2833333333333333,124.3166666666666667,362.5708333333333333,139.3291666666666667,3.3393889347646573,0.14157426206465719194,0.27039408610547139362,0.05511739288875006507,0.00666354313082409287,0.03212036024780051018,0.13109740225935759280,0.05603968360370022791,0.02121598069446306475,0.72537960954446854664,0.08933886481951802521,0.20025769170701233797,0.43519964599927117497,0.34057254527900240790,11283.340621675925,0.13335705734163721583,0.30712967622882066767,0.16480555989379978135,5.4987976863586144
2010,100,333.2020725388601036,44.7564766839378238,88.2072538860103627,17.3108808290155440,2.0466321243523316,9.3523316062176166,41.0932642487046632,7.4559585492227979,2.6683937823834197,32.4974093264248705,66.6528497409326425,2.4663212435233161,2.9844559585492228,2.0414507772020725,2.7098445595854922,7.4507772020725389,126.1554404145077720,375.9015544041450777,137.6683937823834197,3.3210080561867383,0.13432232381663245630,0.26472600609566461404,0.05195310070286745039,0.00614231510854015053,0.02806804752130372582,0.12332835728058717422,0.05910136356168884508,0.02115163463118120585,0.73643807574206755374,0.08645191525727439386,0.20003732039559619332,0.41316787957952354295,0.33304036049610067105,8769.8316803627089827,0.12425377841261984957,0.30339699374028148798,0.14844187348385892890,5.4866293532338308
2011,102,343.3246753246753247,46.7987012987012987,90.7597402597402597,18.1753246753246753,2.2987012987012987,9.7987012987012987,42.6558441558441558,9.5779220779220779,3.2857142857142857,33.2662337662337662,68.3701298701298701,2.6753246753246753,3.5064935064935065,2.3831168831168831,2.7467532467532468,6.8441558441558442,130.2077922077922078,387.9025974025974026,142.9285714285714286,3.3387218994695630,0.13631033439249508246,0.26435542442124375851,0.05293917385383567862,0.00669541534271448025,0.02854062641852019973,0.12424345589347858980,0.07355874725713145821,0.02523439058448035109,0.74457344775365976779,0.08575924468922108576,0.19914132243909819943,0.41630730821606899682,0.33311849112927846942,7249.0749202517458402,0.12499482576518227158,0.30220326247667062559,0.15195188379482523831,5.5081204292905309
2012,99,320.6052631578947368,42.1929824561403509,83.6403508771929825,16.5263157894736842,1.8070175438596491,9.8070175438596491,39.8947368421052632,7.8333333333333333,2.7631578947368421,31.3245614035087719,71.7894736842105263,2.4824561403508772,2.6315789473684211,2.1052631578947368,2.2105263157894737,6.6315789473684211,120.0789473684210526,361.3596491228070175,133.2017543859649123,3.2119694173477458,0.13160414785630249802,0.26088265068811732195,0.05154723795452679964,0.00563626911817012777,0.03058907220443787792,0.12443568907494049085,0.06523486010665497845,0.02301117685733070348,0.73923841059602649007,0.08668527733948294696,0.22391857506361323155,0.41546964349229801089,0.32961250983477576711,4960.4837986041874377,0.12364117145075242866,0.30608385759482162988,0.15458699280418068894,4.9022482893450635
2013,103,330.4054054054054054,41.9459459459459459,85.4594594594594595,17.1351351351351351,1.9459459459459459,8.7432432432432432,37.9054054054054054,8.2297297297297297,2.5000000000000000,30.6621621621621622,71.5270270270270270,2.1756756756756757,2.7702702702702703,2.2027027027027027,2.7162162162162162,6.9459459459459459,121.0675675675675676,370.9324324324324324,132.7162162162162162,3.2073986619441165,0.12695296523517382413,0.25865030674846625767,0.05186094069529652352,0.00588957055214723926,0.02646216768916155419,0.11472392638036809816,0.06797633664471481192,0.02064962607433865387,0.76700251889168765743,0.08266239207257094976,0.21648261758691206544,0.40167689161554192229,0.32435023041474654378,3158.4959392192821588,0.11821160744111988318,0.30340441451552562664,0.14302658486707566462,5.0479879085584735
2014,97,316.8181818181818182,40.4242424242424242,83.8484848484848485,16.5454545454545455,1.6060606060606061,8.4848484848484848,36.5757575757575758,7.6969696969696970,2.5454545454545455,26.9090909090909091,73.3636363636363636,1.3030303030303030,3.0303030303030303,1.7575757575757576,2.3333333333333333,6.7575757575757576,115.0909090909090909,352.1515151515151515,129.0606060606060606,3.2479030754892824,0.12759445241511238642,0.26465805834528933525,0.05222381635581061693,0.00506934481109516978,0.02678144428503108560,0.11544715447154471545,0.06687730384412848868,0.02211690363349131122,0.75147928994082840237,0.07641338955339471646,0.23156384505021520803,0.40736489717838354854,0.32595486111111111111,1372.3569602397954686,0.12098712512032050327,0.31758396117992593539,0.14270683883309421330,4.6852540272614622
