player_id,rc_per_ab
penabe01,0.02734375000000000000
contrjo01,0.00000000000000000000
cruzju02,0.00000000000000000000
wisede01,0.09642816816590763672
durritr01,0.07111111111111111111
jeterde01,0.15153784787769055199
izturce01,0.08343582090505246288
vidrojo01,0.14358845347124352982
torrean02,0.12855859390231577674
bumbral01,0.12628828567281172884
reuscri01,0.03377757352941176471
jeltzst01,0.08211560248204314246
ramsemi01,0.04156847959279856725
niemara01,0.12244897959183673469
webstle01,0.11539589754490381550
avilemi01,0.08732515301569605003
rodrife01,0.44444444444444444444
bellda01,0.12129743009486018972
bakerje03,0.12125451102574560839
stoneje01,0.06463527239150507849
cruzjo02,0.13029360463910469925
quirogu01,0.06670000000000000000
lindjo01,0.08288200534119897959
incavpe01,0.13475402974977282044
oswalro01,0.02740579258797882280
destror01,0.11453960303964289510
carpech01,0.01125257201646090535
cotahu01,0.11718750000000000000
mazzile01,0.10768109308515146892
hockide01,0.11124575467304552770
baineha01,0.14765909377046205075
fieldpr01,0.16853960041183906997
armasto02,0.01033753622053410604
mohrdu01,0.03906250000000000000
niedeto01,0.00000000000000000000
sadledo01,0.03200000000000000000
lockhke01,0.09477185904261790575
watsoal01,0.12000000000000000000
readyra01,0.10537448829359379489
desmoia01,0.10280335916264351495
longoev01,0.12378032109433826957
falcope01,0.02895967921586099354
kommibr01,0.10591672753834915997
iorgga01,0.09765940274414850686
rasmuer01,0.00000000000000000000
lorraan01,0.02000000000000000000
myersbr01,0.02936988252046991812
thompma01,0.00000000000000000000
fordybr01,0.08808575593072500029
coghlch01,0.13209464363478008419
bowala01,0.09683979070079456180
lacorfr01,0.02666666666666666667
woodstr01,0.05029585798816568047
redmati01,0.15275187809686184666
dascedo01,0.02000000000000000000
joycema01,0.09756931780702871831
hugheke01,0.00000000000000000000
desseel01,0.04803719008264462810
washiro01,0.11061461218836565097
bailobo01,0.08916650142111177209
alexama01,0.24691358024691358025
snydeco02,0.12136409458004101193
wilkebr01,0.11345155709342560554
iviemi01,0.13700163460110935281
mosesjo01,0.10496763112696525301
clarkja01,0.15216936668499940825
aurilri01,0.13817715918702360755
meyerda01,0.10077487930544849690
reesepo01,0.07391876393980116655
thompda01,0.06242028061224489796
echevan01,0.15557137771448914204
wagnepa01,0.02493074792243767313
balbost01,0.11300561226832853709
hortori01,0.00000000000000000000
mcpheda01,0.01777777777777777778
sosajo02,0.12500000000000000000
bastaan01,0.00000000000000000000
halech01,0.10370370370370370370
smoltjo01,0.05635390250774866159
hartco01,0.15934496257375784492
lyonsst01,0.08131487889273356401
putnapa01,0.10748138940922680703
estalbo02,0.11311665406903502142
gullibi01,0.03070629529557334411
gallayo01,0.04681926278240190250
bonneba01,0.12582759502036704528
gonzafe01,0.08589929609422854247
hernali01,0.07424108747508414208
cirilje01,0.12908287722290384989
leachte01,0.01067995728017087932
montemi01,0.11741489374940372738
bellge02,0.14827335101514534049
betemwi01,0.13904406755351572304
overbly01,0.12929215030296548566
wilkecu01,0.07451289101101446736
sciosmi01,0.10529916886914990134
poseybu01,0.16245618984003470217
alexaga01,0.09880000000000000000
davisdo02,0.01074361667326664486
berroge01,0.14680549055882591732
kiescbr01,0.15596064814814814815
burroje01,0.13920315929274517829
larsoda01,0.07438016528925619835
berrada01,0.09343376368026138877
greinza01,0.07951183431952662722
daubabr01,0.10541310541310541311
martira03,0.09244296357998981906
stillku01,0.07834350614231630997
gatesbr01,0.10076124567474048443
mieskma01,0.12595155709342560554
dempsry01,0.00308641975308641975
keislra01,0.02777777777777777778
bandoch01,0.06862671324912657888
jonesji02,0.04271982912068351727
peterri01,0.05530864197530864198
rayfofl01,0.06946526085313245318
buckjo01,0.10691446609745017414
huntebr02,0.10611745790114456124
caseyse01,0.14571097598814604678
baergca01,0.10623204525022319189
tomlida01,0.09375000000000000000
bakopa01,0.06603196785745479955
gonzaed01,0.08875739644970414201
whitefr01,0.11595921163691676836
floydga01,0.02083333333333333333
camacer01,0.00000000000000000000
lynnfr01,0.14927257155944297819
goodwto01,0.10508066246225971625
polonlu01,0.10950986729533442336
benedbr01,0.06923630318102294805
esaskni01,0.14928914717770315108
teufeti01,0.10604821037253469686
tulowtr01,0.17294938890432059796
wilsotr01,0.06222222222222222222
amarari01,0.10040080410543270611
vitiejo01,0.19640005806357961968
smithdw01,0.09438516775528419003
duceyro01,0.12396069538926681784
oberkke01,0.11628099037048048494
tysonmi01,0.08240353603850622525
lowede01,0.02474448628294782141
taverwi01,0.05916727538349159971
clarkje01,0.18991964937910883857
valenjo02,0.12110776475500920999
pricejo02,0.01479289940828402367
greerru01,0.14273213417598444336
suzukku01,0.09899842859637148617
hillke01,0.03853434288804759329
carroja01,0.11015607744285141612
gilbe01,0.12273557341124908692
ponsosi01,0.05600000000000000000
santibe01,0.11719625595851749023
parsoca01,0.04480000000000000000
brenlbo01,0.10575604410842108289
gutiefr01,0.09471368269674087275
canizja01,0.07766729373824240795
heathmi02,0.11242156412610958066
loftoke01,0.14280694202923503383
burriem01,0.32000000000000000000
chaveer01,0.14211210760566660085
quinlro01,0.07304890738813735692
petityu01,0.00284798860804556782
langery01,0.10362327988890291630
mondera01,0.13703435853197395063
ruhleve01,0.05102222222222222222
turneju01,0.15888535948228682980
guldebr01,0.07779903284866298306
gonzaju03,0.20326396267288220556
molitpa01,0.15421592227210442241
hairsje01,0.12773998488284202570
mottoch01,0.09375000000000000000
sizemgr01,0.09556863336854282984
smithbr01,0.02908739695873857281
zuvelpa01,0.08644901955731917854
singlke01,0.16411006596392633964
ledeeri01,0.11756414353542731921
murrada01,0.00000000000000000000
cuetojo01,0.02314814814814814815
zobribe01,0.13580623614179732737
allench01,0.10115702479338842975
coopebr01,0.25000000000000000000
kellydo01,0.08959079466239599844
quinlto01,0.00000000000000000000
villaca01,0.01331360946745562130
buchhcl01,0.01562500000000000000
blacktr01,0.00000000000000000000
perkibr01,0.05254269093638581347
palmeda01,0.03558802045288531775
santaer01,0.01955555555555555556
andinro01,0.08725064840379121996
mcewijo01,0.07768815099068055447
smithse01,0.12875522115227328309
bedarer01,0.11111111111111111111
goodedw01,0.07629012723345278378
hubbatr01,0.07105835531491508168
youngjo02,0.11552947264768667927
davisjo02,0.09237543692247245838
richach01,0.02268431001890359168
woodsal01,0.19979188345473465140
jenkige01,0.14433528186332901081
reynoke01,0.00000000000000000000
riverlu01,0.07888763670417929874
hoffmgl01,0.06287820696408939311
larocan01,0.00000000000000000000
rodriri02,0.09917355371900826446
mathetj01,0.00000000000000000000
carmado01,0.00640000000000000000
footeba01,0.10300488365412237863
youngke01,0.13947943038092883198
durbich01,0.00591715976331360947
grissma02,0.12509288115173117102
liriafr01,0.01331360946745562130
aikenwi01,0.14606405976531695688
moffira01,0.01183431952662721893
romose01,0.00000000000000000000
ashbyan01,0.01853764921946740129
metzgro01,0.07579531943793326572
seleaa01,0.02343750000000000000
stubbdr01,0.09515690766689754382
reardje01,0.04000000000000000000
deckest01,0.09318021383929340060
gerutjo01,0.09481843357660981966
luebbla01,0.02076124567474048443
sandopa01,0.11334483558453360278
moorech02,0.11652686636497863836
greento02,0.13298527760790792344
martica02,0.05680552461572733348
foliti01,0.09322665583818182972
suttebr01,0.00118906064209274673
larkige01,0.10835629017447199265
martito02,0.00000000000000000000
burksel01,0.18691055597582639886
nilssda01,0.16409801631891657670
halamjo01,0.01562500000000000000
vanslan01,0.14348185335325929704
bairdo01,0.00444444444444444444
derosma01,0.12872427983539094650
robindo01,0.14403292181069958848
jensema01,0.03681788297172912558
mccarda01,0.12158128557545467166
clarkbo04,0.06720000000000000000
downibr01,0.14915276485931106063
peavyja01,0.05231833910034602076
jamesbo01,0.02040816326530612245
snowjt01,0.13655229387132254308
parrila01,0.12502454579605218223
manueje01,0.11851191802183114279
moellch01,0.07829448605371900826
schmimi01,0.18380156781381948184
tuckemi01,0.12453388879987181541
palmeor01,0.10528414719421945108
friaspe01,0.08150889956777363151
aloumo01,0.16999705309461003817
kearnau01,0.09526115394740968218
affelje01,0.05555555555555555556
bondsba01,0.22707439157618016782
jonesch06,0.21149631068004035953
gorzeto01,0.01785123966942148760
kurodhi01,0.00000000000000000000
bowiemi01,0.00694444444444444444
francje02,0.10949063692633614228
lowelmi01,0.14735416086151223590
terrewa01,0.01909722222222222222
whitsed01,0.01499118165784832451
coraal01,0.09877821361509247821
ripkebi01,0.08626713784674248060
reedje03,0.03333333333333333333
burnije01,0.14061336805555555556
goodwda01,0.08900309166478982822
milneed01,0.11661719655243567562
ugglada01,0.09171268996327713467
davisbe01,0.08290303390838786437
doumiry01,0.12279774556671603195
zambrca01,0.11378761574074074074
osbordo01,0.01038781163434903047
perryhe01,0.13749511981142504062
hayesvo01,0.14274651266565602230
chambch01,0.13039307958477508651
jimenub01,0.01851851851851851852
mcreyke01,0.13286006669386717234
butlero01,0.02040816326530612245
danieka01,0.10665497844985024472
moutoly01,0.00346020761245674740
virgioz02,0.11883366930683639942
penage01,0.08000000000000000000
bergda01,0.08956897933023553918
vizquom01,0.11960181130772402248
dreifda01,0.05338606030647553139
brookto01,0.10141352906169410831
fostele01,0.06875000000000000000
parenma01,0.13114906744288669644
sandede02,0.11345924908728072557
lefloro01,0.10522425100681245060
olivejo01,0.11542085719066032124
wilsoda01,0.10862007249566959749
anderda02,0.10125336346375612995
hergema01,0.00000000000000000000
hundlni01,0.12771762839579615308
alomaro01,0.16872432128710692395
wagnema01,0.07485380116959064327
perezed01,0.13187235678585159554
leyriji01,0.12883312369178762001
schnebr01,0.09903879343341298695
frymatr01,0.13689598103757072018
kinslia01,0.12759820815659117244
norribu01,0.00000000000000000000
thomafr04,0.19547448842550676535
martije01,0.11142149900247124408
nixja01,0.02285018929150892374
harrima01,0.00000000000000000000
candaca01,0.07257617728531855956
collilo01,0.11904761904761904762
riverru01,0.10240881769595300459
kaplega01,0.10757761254939432849
pearcst01,0.14327433898734214053
harrivi01,0.06341224635101459594
lagami01,0.04105083110389895180
smithlo01,0.11225883291546290747
dillast01,0.07793844753334967263
schmija01,0.02675573767669289441
spilmha01,0.10440214158239143367
gottji01,0.06250000000000000000
owenser01,0.09878323299056955618
oatesjo01,0.08660915596510146064
rowanaa01,0.13143629162191192266
hammoro01,0.00000000000000000000
northbi01,0.09573516129972072736
maddoel01,0.10295126434133288649
matoslu01,0.08022142991180334021
reynoar02,0.03703560819412831295
wellsve01,0.14572511179799636289
kendaja01,0.12152057831934832358
johnsch05,0.09223702916777328188
heredfe01,0.11111111111111111111
hardyjj01,0.11884476227864486626
krukomi01,0.05052575046639154277
greenda03,0.14648437500000000000
lakest01,0.08017798751486325803
santone01,0.02469135802469135802
powelbr01,0.01562500000000000000
denorch01,0.11721759333440153822
tinglro01,0.06653413931599659215
bartoda02,0.08411098280328329328
foleyto02,0.07601616652356919984
lobatjo01,0.07368097890443401605
catalfr01,0.14532235962428057703
hairssc01,0.11510111847941740101
whiteel03,0.06515927823568723546
butlebi03,0.12114427809320029823
stevele01,0.15452235565055518400
mientdo01,0.11753945627998275618
vaughmo01,0.18152234368800702017
mcdowod01,0.09900945621167538914
chavera01,0.06633440132906135042
feldmsc01,0.04542996214169821525
pulliha01,0.14351851851851851852
corajo01,0.11847096479195244627
philljr01,0.11242603550295857988
petitgr01,0.09477236050662624089
sabatcc01,0.09674981103552532124
matthga02,0.13212723442892600194
dawsoan01,0.14331773453607169592
cedence01,0.13665940742677162698
henslcl01,0.00000000000000000000
kittlro01,0.13892983490566037736
thornan01,0.13874681156339674779
walkela01,0.23310804977276031713
mcelrch01,0.01000000000000000000
terreje01,0.08187134502923976608
velarra01,0.13740856674302374011
duncash01,0.07885742187500000000
glavito02,0.06239444548695815350
wrighda03,0.15993848519800076894
delarjo01,0.02212963595382829042
tudorjo01,0.02854671280276816609
auerbri01,0.11230017175320385784
tolmati01,0.04432132963988919668
millwke01,0.01855468750000000000
howear01,0.12096092694716498752
beckeri01,0.11823208798175558471
ensbemo01,0.12462969726483239997
judenje01,0.02325259515570934256
moralfr01,0.01469387755102040816
wiggity01,0.12726811067353053635
backebr01,0.13202662721893491124
santaju01,0.00000000000000000000
coomero01,0.10920701568256351584
pierrju01,0.11483158176017101840
brosisc01,0.11190028435109587544
maldoca01,0.12577735441941850272
matusle01,0.00781250000000000000
johnsja02,0.10416666666666666667
hargrmi01,0.12689248141976272317
puleoch01,0.05354245538128718226
benesal01,0.02076124567474048443
vukovjo01,0.05120000000000000000
burneaj01,0.03525046382189239332
plantph01,0.10333508148320804926
allanan01,0.07142857142857142857
disarga01,0.10678432584310033846
gilge01,0.00888888888888888889
jahajo01,0.13455738797796860367
belleal01,0.20903490867027165547
jacksro03,0.00000000000000000000
holbeaa01,0.09000000000000000000
chrisla01,0.05327783558792924037
danksjo01,0.04000000000000000000
whiteje01,0.10906826024745391802
brognri01,0.12521523720624522750
bullibu01,0.00000000000000000000
bellde01,0.13243262550110355389
burrira01,0.03007518796992481203
aybarer01,0.11150283357361999295
loducpa01,0.12594313318059921502
saundjo01,0.02847988608045567818
wallati01,0.12856242686110360969
johnsla02,0.11611276440903235946
hurdlcl01,0.08032258064516129032
porteda02,0.13986057355304055901
berenbr01,0.00000000000000000000
lavelga01,0.01680000000000000000
mendolu01,0.16000000000000000000
thomago01,0.14853981440260026539
torresa01,0.02366863905325443787
bosetri01,0.04000000000000000000
downske01,0.00000000000000000000
rasmude01,0.05502325145906806904
berroan01,0.06954263151831254386
parreje01,0.02366863905325443787
twitcwa01,0.04492187500000000000
walkene01,0.12792793315707449016
guthrje01,0.01731301939058171745
encarju01,0.12855529264393904268
polanpl01,0.14416922658495390442
salmoti01,0.15958306491960668260
seitzke01,0.13086068435159164063
thomaga01,0.10784243544356518117
forstte01,0.19428571428571428571
kendrky01,0.03311418685121107266
boskish01,0.00000000000000000000
benesan01,0.04434464858957721467
owensp01,0.10546657422406255425
nievewi01,0.08081652227796230303
cottohe01,0.10488911900321314045
grahejo01,0.03125000000000000000
johnsda06,0.07879347491535857187
gomezca01,0.14194476701988677602
pacioto01,0.12672388712251210037
speiech01,0.09710870538924513878
hendest01,0.13207218792866941015
veryzto01,0.07690849065111872852
westda01,0.03024574669187145558
burleri01,0.11259731833910034602
narvech01,0.00000000000000000000
francju01,0.15047845585075742761
tapanke01,0.03635402207680613391
cashke01,0.07379989867763980935
mageewe01,0.10852968638435766463
floydcl01,0.18355120151469722828
olmedra01,0.07138607971445568114
kenneju01,0.08290289256198347107
anthoer01,0.13635555555555555556
rueteki01,0.04017677134239770326
cervefr01,0.13349044693207642454
muellbi02,0.15164831481225531907
baldero01,0.11764365822638455313
biittla01,0.11426867818155435632
markani01,0.12388475551976588042
cruzto02,0.07626666666666666667
lincomi01,0.00000000000000000000
braunst01,0.10052226430038860424
juraked01,0.06510416666666666667
mechegi01,0.01562500000000000000
greenkh01,0.08447041636230825420
lapoida01,0.00127551020408163265
youngch04,0.11130239727569760127
hattesc01,0.12500816326530612245
hornebo01,0.14714973971177953988
murphdo01,0.11909821110715557138
santajo01,0.04720646922915353917
marcush01,0.03332073570168808264
spencsh01,0.12600755024997449240
pujolal01,0.22692804015642985121
petrage01,0.11365124307043498963
penaca01,0.15640834832652006884
clarkma01,0.00761894613458362193
corpama01,0.00000000000000000000
bournmi01,0.10447301780587706450
hobsobu01,0.08484173254784652483
castivi02,0.15738770357077632822
hawkian01,0.01410934744268077601
fergujo01,0.12456096991708537454
greisse01,0.00000000000000000000
olivomi01,0.11809525580011897680
eckstda01,0.10480688769621421976
kershcl01,0.03183673469387755102
berenju01,0.02040816326530612245
belliro01,0.13155476219454474150
kazmisc01,0.01000000000000000000
andermi01,0.08063769725577305752
ethiean01,0.13684045130379518256
wohlema01,0.00000000000000000000
flannti01,0.10132271667117360736
brettge01,0.19893636363636363636
clarkbr02,0.10142186126151140728
fuldsa01,0.08148311126616576450
hernafe02,0.02777777777777777778
jonesod01,0.04000000000000000000
saboch01,0.12289592830041570011
teagata01,0.04444444444444444444
bocachi01,0.07927231595814874163
casanra01,0.05344518804788387218
mcbriba01,0.13407172248977329435
tomkobr01,0.04017818150056773517
blankla01,0.07321165129538923019
karstje01,0.01147959183673469388
lackejo01,0.04958677685950413223
perezti01,0.17159763313609467456
gimench01,0.14403292181069958848
whitema01,0.13704048622684050583
paquecr01,0.11688467462942854978
billich01,0.03478002378121284185
guerrvl01,0.21069184027777777778
huffau01,0.14275988019577763168
lacosmi01,0.03609607108149382202
sandere02,0.14155162734257388625
brumlmi02,0.05157024793388429752
lacyle01,0.14606397400882972542
loeka01,0.00000000000000000000
kirbywa01,0.05135819722246484409
quentca01,0.13727807490201577095
laffeaa01,0.04000000000000000000
yountro01,0.16952944044321329640
melhuad01,0.07888888888888888889
ramirma02,0.24007298533960932205
banksbr01,0.11890606420927467301
gonzaal02,0.11497922225698604445
pagemi02,0.08986686390532544379
slaugdo01,0.12936063586654705455
wilsopr01,0.12356722047578856541
grichbo01,0.13483640520512960247
shoppke01,0.09118395567767217693
bonhabi01,0.04605956142870822561
klinest02,0.50000000000000000000
hraboal01,0.00000000000000000000
sambijo01,0.00000000000000000000
johnsro07,0.05609418282548476454
johnsma02,0.02040816326530612245
cowenal01,0.11136262695891290270
lemonch01,0.14828247122149407214
tracych01,0.09533465972859912254
dykstle01,0.15255510468155429262
griffal01,0.08694836368780640285
chenbr01,0.24000000000000000000
alexama02,0.08856044956409089318
moutoja01,0.09803578306081719828
seguida01,0.15866793456112092220
walkety01,0.00000000000000000000
mcmilbi01,0.11488970588235294118
spande01,0.13830802262676793257
dernibo01,0.09379809868718877320
gonzagi01,0.01444444444444444444
brownto05,0.04041686288159538093
hudsoor01,0.12454763261463371160
hinsker01,0.12932297944582956868
mooresc02,0.12996665887999320436
braggda01,0.10096709076969361710
skinnjo01,0.08219037022711918043
francbe01,0.03331945022907122032
mordemi01,0.11145190473861802533
nunezab01,0.09470397805212620027
spiezsc01,0.12016166908854779783
kreutch01,0.09151059253751150676
varitja01,0.14970754206498492618
nahorbi01,0.09879032258064516129
colbrgr01,0.17066681629236862162
mitchke01,0.16920751517548404975
remlimi01,0.01972386587771203156
hannaja01,0.08642709296692649844
johnsbr01,0.07886256995873141500
moskapa01,0.04958677685950413223
riceji01,0.16283038501560874089
berryda01,0.10591539352828784310
hernaru03,0.08000000000000000000
conrabr01,0.03856749311294765840
lopezal02,0.00378071833648393195
meadobr01,0.00000000000000000000
ortizra01,0.01807781936303933338
ramirra01,0.09498108407839139608
keppije01,0.11735453050356331741
kusnyar01,0.04800000000000000000
leffecr01,0.00525099768956101659
morsemi01,0.14424233606800011589
hollida02,0.11359021169301308684
vazqura01,0.11024773722843053869
maiermi01,0.07330246913580246914
johnsjo09,0.01709401709401709402
wilsomo01,0.12404374696256824704
coleal01,0.08625000000000000000
jonesru01,0.13224916759813379645
guzmacr01,0.11930711304932558048
pruitro01,0.04687500000000000000
randajo01,0.12774092214851096369
hairsje02,0.09851251714677640604
lairdge01,0.08828973028491531634
kobelke01,0.03906250000000000000
howarth01,0.11595590055973733096
alfoned01,0.12960985197466897903
clarkho02,0.12500000000000000000
howelke01,0.00936524453694068678
clarkwi02,0.16075852720167785801
nichore01,0.10414909765559116208
sparkst01,0.01168736303871439007
roberbi01,0.12825709168472540839
nenro01,0.11111111111111111111
reynoma01,0.10546243983578123786
hollima01,0.17218681659238573779
fasseje01,0.00346020761245674740
remyje01,0.10030422697738557522
harpete01,0.11534090909090909091
schuldo01,0.00000000000000000000
oleartr01,0.13268494750310848002
osullse01,0.02040816326530612245
reynoha01,0.10537320616231904085
guerrma01,0.07530930607853684777
hubbami01,0.17355371900826446281
venabma01,0.10042735042735042735
hassero01,0.14264233877429546027
kneppbo01,0.03671284099600577887
salazlu01,0.11117953599048185604
gagnegr01,0.10582223425823961896
harpebr01,0.10408821947283485745
gallada01,0.11941315565702570793
grossgr01,0.11157359232281188577
maxweju01,0.09741370759769886927
ramirju01,0.06250000000000000000
masonro01,0.00925925925925925926
nettlji01,0.01479289940828402367
schatda01,0.14371900826446280992
freesda01,0.12037193575655114117
counscr01,0.10183623460522547179
sprinru01,0.02777777777777777778
preslji01,0.10087624067543656052
rominke01,0.04994054696789536266
hundlto01,0.14721389295153919365
navardi01,0.11107052998944890837
swishni01,0.14538223303604322110
grandcu01,0.14512684526604810340
martied01,0.20343045333996740948
lugoju01,0.11199140814218581465
castilu01,0.12450663571254638334
cummimi01,0.11415145804403888117
manueba01,0.00000000000000000000
millake01,0.13751626898291568502
jimenda01,0.09186906994576916326
bellja01,0.13037552102837561482
gantro01,0.16372897774015234622
vazquja01,0.07421150278293135436
gomesjo01,0.13459032028848382598
helliri01,0.01010101010101010101
venabwi01,0.09180385674931129477
wehnejo01,0.08264635291662318689
ceronri01,0.07781146350154875140
tolivfr01,0.00000000000000000000
loewead01,0.11111111111111111111
reyesjo01,0.14510514282650571957
sanchan02,0.00000000000000000000
sweenry01,0.11084329290579036762
fernato01,0.11341858923749197053
baldwja01,0.01171875000000000000
braunry02,0.14968246275270051744
davisal01,0.11482050433031437187
sojolu01,0.08427585556793838117
blumge01,0.10353617624527820092
gracema01,0.16409761444708680143
rabbjo01,0.17857142857142857143
bayja01,0.12707207056700858699
beltrca01,0.16364626064256653425
espyce01,0.08795732862012372175
soderer01,0.13651465730995457827
martida01,0.11402824592877840658
carmofa01,0.00637755102040816327
torreru01,0.10203450327186198691
coopesc01,0.07751162190082644628
macksh01,0.15312933173362531887
lanceri01,0.00000000000000000000
garneph01,0.11950340939209213792
cordewi01,0.13121681072408260442
easlemi01,0.15715103603299080584
lowrije01,0.10467964380033479241
mantoje01,0.10896079304967698819
pineijo01,0.02191380569758948137
carragi01,0.02721088435374149660
barrji01,0.01763916015625000000
martial03,0.12936527940786208321
diazal01,0.04325141776937618147
berkmla01,0.19153090463135017884
cordoma01,0.14212544378698224852
ortizru01,0.03547433485622144585
youngdm01,0.15371839132264174950
weaveje02,0.01652892561983471074
boggsto01,0.06172839506172839506
deweyma01,0.00000000000000000000
vizcajo01,0.10938474768805178300
vargacl01,0.00000000000000000000
bakersc02,0.07407407407407407407
shower01,0.02420790316838732645
byrneer01,0.12943622161756427097
castifr01,0.01603920695032301181
collida02,0.11614453542185831257
hallal02,0.10837758297462322347
bonilju01,0.10555555555555555556
ruffibr01,0.02285714285714285714
roselda01,0.09961625812514684000
davismi02,0.11772334938358104381
colesda01,0.09840546394796113671
nolesdi01,0.00000000000000000000
andresh01,0.02040816326530612245
brousbe01,0.05231866825208085612
kotchca01,0.10186305975784758497
napolmi01,0.13275593794822758008
kingemi01,0.14972325775185298890
greenni01,0.06334244509378829296
soriaal01,0.16652505604748310511
ausmubr01,0.10951826965766241221
clarkto02,0.12386889023307750011
kellemi02,0.06562500000000000000
sotoge01,0.10529284834318643485
ackerji01,0.02040816326530612245
brownad01,0.05301775147928994083
otted01,0.08999183673469387755
hamptmi01,0.14504703036818059661
leede02,0.18420123162373703176
ayalabe01,0.13912247724574594381
wrighja02,0.02673201158387168634
escobke01,0.00591715976331360947
grubbjo01,0.13275390290977498717
jasojo01,0.13729420853535084448
vinafe01,0.11841192039996078816
morrima01,0.03852195888258998702
lewisma01,0.11208056252844203696
phillto02,0.11501719935600244481
erstada01,0.11486411033408256832
samplbi01,0.10250516528925619835
borowjo01,0.08163265306122448980
nicosst01,0.10331743078708393966
bulloer01,0.07774472687939426717
manwaki01,0.09398759326917171206
beniqju01,0.10984824699110413396
oglivbe01,0.16532523307962837236
leshebr01,0.03061224489795918367
maybica01,0.09944816326530612245
wakefti01,0.01652892561983471074
offerjo01,0.14399483819190799943
dauerri01,0.09485455906676889191
bradlph01,0.11707737762246639849
leitema01,0.01824000000000000000
manniri01,0.09879123367611856100
livinsc01,0.05154127100073046019
youngch03,0.03666817564508827524
mackoro01,0.10132963988919667590
huletti01,0.10763066836641777454
jeffegr01,0.15775886843723431328
nietoto01,0.03673094582185491276
raderda01,0.09969332941807656388
sexsori01,0.16664854787628310236
thompsc01,0.09920135919834124150
larocad01,0.13101411060876487087
vizcalu01,0.00000000000000000000
byrdma01,0.13765324229015520765
pecotbi01,0.08709715659875696455
simonra01,0.10237611131962945650
gwynnto02,0.06583560326870693799
glanvdo01,0.08816423051219219631
garciki01,0.09553328234646915966
beltrad01,0.15360653863740283493
castial01,0.07496876301541024573
eyresc01,0.03125000000000000000
garlajo01,0.01442076590290017625
karkoro01,0.10984742210296678405
wainwad01,0.04361276365603028664
ellisma01,0.10840935438805129458
hasslan01,0.00000000000000000000
webstmi01,0.10919143823424706301
johnsla01,0.02469135802469135802
anderbr02,0.03606648199445983380
conceda01,0.12517606417183768162
devinad01,0.00000000000000000000
pedrodu01,0.13482163687225140251
mcwilla01,0.02026226919871935441
michaja01,0.11399054631296212196
nixontr01,0.16047105409807956104
durhale01,0.14111286789589044526
millewa04,0.08163265306122448980
sandesc01,0.01162750931910673370
sheffga01,0.19188028536108643083
fabrejo01,0.07858947681331747919
getzch01,0.03698224852071005917
scherma01,0.04785137924563708013
hoilech01,0.14167730585015887802
littema01,0.00887573964497041420
cianfar01,0.03541912632821723731
garcije01,0.07100591715976331361
hosteda01,0.06250000000000000000
mclouna01,0.10274171970266942182
roberna01,0.04101562500000000000
youngde03,0.11729626454275247988
frazige01,0.01384083044982698962
haneyto01,0.00000000000000000000
leecl02,0.05076343446361292881
magrajo01,0.01929012345679012346
milleda02,0.11685434025849335587
bilarda01,0.05912488452170991854
fletcsc01,0.10106125593039337547
weaveje01,0.05117479530081879672
smithda02,0.03125000000000000000
brobepe01,0.00000000000000000000
isrinja01,0.32000000000000000000
lawru01,0.10534886948059132886
falkebr01,0.00000000000000000000
papist01,0.09228772309356408870
wagnebi02,0.00000000000000000000
woodke02,0.04728842184274723213
spradje01,0.00000000000000000000
bacsimi02,0.01777777777777777778
javiest01,0.10788328937016983664
maholpa01,0.01590708243908597399
garcino01,0.16463843190337359434
telemam01,0.08641975308641975309
gomezlu01,0.04852253401360544218
hubbagl01,0.10195671856075717436
martica01,0.10612515003429355281
maybejo02,0.06673257538309441424
ashfotu01,0.05059875189745319615
houstty01,0.12693998059370800276
zimmejo02,0.02771478961955152431
fryeje01,0.11220978816526992619
martira02,0.04519692168401991852
jarvike01,0.04611562548522333213
magadda01,0.12059717686425736359
thurmma01,0.00000000000000000000
ohkato01,0.02169421487603305785
pridija01,0.00000000000000000000
schafjo02,0.06250000000000000000
beckejo02,0.04338842975206611570
linceti01,0.01835557368451721928
williwo02,0.06742750115077538452
silveda01,0.00960000000000000000
gimenhe01,0.09464575446187128177
mckeewa01,0.09467455621301775148
cantujo01,0.09835240317663442358
bartlja01,0.08868929717915442934
fordda01,0.11712412114656571120
daviser01,0.12152353483447577149
milnejo01,0.13062939360753535781
oestero01,0.10315856244675095304
pagnoto01,0.10972683965507468535
phillmi01,0.07189480654621133289
strando01,0.09669423440453686200
correke01,0.01948001752170888196
karroer01,0.15140491430885756000
pasquda01,0.11791589317096111482
blancan01,0.09919907947130160941
helmswe01,0.13416789940828402367
prattto02,0.11935752528256989887
blausje01,0.12137133806006447978
hidalri01,0.14468166300952791800
learyti01,0.05928487097318266149
machake01,0.09029446777925024146
crispco01,0.12090848363393453574
dorsebr01,0.09264764169639318272
rodrise01,0.09850999223218699244
diazma01,0.10462782118055555556
steinbi02,0.11394044577877995935
cromawa01,0.13004697011682867396
ziskri01,0.14228890258298747485
langsma01,0.00000000000000000000
tillmru01,0.33333333333333333333
voigtja01,0.04470742932281393820
wilforo01,0.08210385469504373072
garzama01,0.01102709514807813485
sanchre01,0.10520227694742930200
wilsowi02,0.12498286733612902398
tidrodi01,0.01500000000000000000
hayneji01,0.03829038094772360507
willima04,0.18455812854442344045
wernedo01,0.05551020408163265306
winnihe01,0.08742911153119092628
delgaca01,0.19864263557002563472
hernaen01,0.00000000000000000000
mahleri01,0.03420760409194092039
sweenmi01,0.17807851007275590365
morneju01,0.15206058615216868838
harenda01,0.12463123026758449356
kellyro01,0.13579492299798494415
shiplcr01,0.10766981067283258167
wallide01,0.11226682408500590319
willimi03,0.00000000000000000000
borkoda01,0.00000000000000000000
nixla01,0.12986751437636327583
shielja02,0.03174603174603174603
foleyma01,0.10650887573964497041
sheetla01,0.11117610477251876435
quirkja01,0.08520698154016397566
rossyri01,0.07266481701677896684
witasja01,0.00000000000000000000
nixonot01,0.09846261791463534449
capuach01,0.00925425154738296977
johnsch04,0.14279546793147597846
brockgr01,0.10737570907174565244
germaju01,0.00617283950617283951
walbema01,0.08172778324103307282
lohseky01,0.02928307929880751523
ryalma01,0.05198487712665406427
hamelco01,0.05113594857184600774
burketi01,0.00000000000000000000
graveda01,0.01000000000000000000
rincoju01,0.00000000000000000000
baileho02,0.02743484224965706447
mahayro01,0.00000000000000000000
wehrmda01,0.00000000000000000000
aguaylu01,0.09269251493143303812
wilsocr03,0.06198347107438016529
lindad01,0.14873673401305227164
brunato01,0.12810793408709559211
rivermi01,0.13219434755940969437
goffje01,0.62500000000000000000
levisje01,0.08489824438815617084
valdeis01,0.05332409972299168975
sarmima01,0.03144316044074173609
mckinri01,0.06681806271290069002
schofdi02,0.08023688986531664915
headlch01,0.11114337025535684584
werthja01,0.15066921170848003885
thomeji01,0.18801503269037863845
rodrihe02,0.16061157877731298711
snellch02,0.75000000000000000000
brownde02,0.09340445502621276985
huntebr01,0.11776954633504921582
zaungr01,0.11637070248257498629
martino01,0.08324661810613943809
johnsti01,0.05432322317790855591
stewash01,0.15211642123987249694
cartejo01,0.13049558194164280599
mauerjo01,0.15721973720995247414
rayjo01,0.12075801975586562906
jonesba01,0.00000000000000000000
jeffere01,0.15455143034257533233
phillbr01,0.13539076856556047995
brownje01,0.11171528890564614950
hillma01,0.08073765615704937537
estessh01,0.03793745711204783845
milleju01,0.00000000000000000000
penabr01,0.09823078105066805793
sosael01,0.04938271604938271605
brohaja01,0.09175240344071512903
clinege01,0.10108661216462524018
grievto01,0.10391103002019178389
hendrma01,0.10030864197530864198
hernaxa01,0.00000000000000000000
pattebo01,0.13223140495867768595
reyesal01,0.25000000000000000000
mcraebr01,0.12317168106661988509
stearjo01,0.11856032347376808745
gomezch02,0.10735063754881307571
caminke01,0.16667828334247004464
ordonma01,0.16421533545359227956
weeksri01,0.13414630957392916514
woodwch01,0.08935839172916748015
boonebr01,0.14454064081100147094
parrage01,0.13970207939508506616
kingsge01,0.10053539559785841761
bannial01,0.11148719789204223972
zitoba01,0.01758753870216093715
morriha02,0.14844435088488520408
olivaom01,0.24489795918367346939
waltoje01,0.16242462213172527214
davisbu02,0.04081632653061224490
lemasjo01,0.07662447380100176712
solomed01,0.04245577523413111342
figgich01,0.10113516401881948155
sundbji01,0.10376417233560090703
thondi01,0.09878958606530527947
belisma01,0.05555555555555555556
meoliru01,0.05435020819636204252
valbulu01,0.12490222606944532671
mackape01,0.09291493383742911153
loopebr01,0.05643644181671593658
maldoca03,0.00000000000000000000
fordle01,0.08218277449046679816
rileser01,0.08677326183994140490
alicelu01,0.12120643477370818335
bergmda01,0.13216857232301247745
cruzde01,0.11106165733557657377
lerchra01,0.05401234567901234568
parkeri01,0.10204081632653061224
humbeph01,0.04000000000000000000
sharpmi01,0.09755863129565551711
lansimi01,0.10834858814122795943
hermije01,0.09569943289224952741
valenja01,0.12496619458777260150
wietema01,0.12602613018846109377
millira01,0.13810094832145531474
officro01,0.10197594869582116001
redmama01,0.00935374149659863946
sandesc02,0.10802469135802469136
biggicr01,0.15966356928014418459
repkoja01,0.06413333333333333333
kuntzru01,0.00000000000000000000
kearnbo01,0.09169143876337693222
deazaal01,0.11762775997170038510
merlolo01,0.12248646014879781114
bryest01,0.10166792918665656651
crosbed01,0.25000000000000000000
lambmi01,0.13420793398114586780
martean01,0.07031250000000000000
avilaal01,0.07941250736469994108
loretma01,0.14861011505126953125
madlobi01,0.15034740199704142012
merulma01,0.11689292827545156933
wallety01,0.05555555555555555556
wilsojo03,0.07930985943815479901
deerro01,0.11812993842294047121
neaglde01,0.04086776859504132231
moehlbr01,0.00555555555555555556
stankan01,0.05605090027700831025
ojedaau01,0.09703273884608666964
gonzaad01,0.16759435193253895428
murphda07,0.12465345182128427506
condrcl01,0.22222222222222222222
carrema01,0.14998473437818033788
kotsama01,0.13104921583189786190
haselbi01,0.12808922996878251821
sanchan01,0.02074074074074074074
hernara02,0.12904480612882676779
molinbo01,0.08250000000000000000
renteed01,0.13929846784746986586
cansejo01,0.15892251700587643726
melvibo01,0.08560758402757828210
grievbe01,0.11838189957912232260
boehrbr01,0.00000000000000000000
pendlte01,0.13543277252780298534
andujjo01,0.02434296877384695217
myersgr01,0.11455627904747805207
roberda06,0.10029604940692089011
adamste01,0.00991866693116445150
washiul01,0.08396705057129309258
easleda01,0.12614499867801373008
harlola01,0.06184922948771345273
francma01,0.14640221207494599976
shavejo01,0.10683760683760683761
mathije01,0.06893907962016070124
wohlfji01,0.10395792241946088100
piazzmi01,0.20060467680474866825
reynorj01,0.11301382602765205530
verlaju01,0.01562500000000000000
rodriiv01,0.18597895220037290713
renteri01,0.09233030944099824303
bellju01,0.06887755102040816327
sadekmi01,0.08845783150816959983
walkech01,0.06948553583168967784
winfida01,0.16730989089419181739
benzito01,0.12416738801306110445
briggda01,0.01407641482332663028
roberbe01,0.00000000000000000000
cruzja01,0.10917059565708214357
leeca01,0.17057046713544229457
huskebu01,0.14233398437500000000
jacobbr01,0.13509257196604044454
grosswa01,0.11715793772434400084
hootobu01,0.02695730842583989437
lidleco01,0.03295068027210884354
whitero02,0.14886333135669922911
clemema01,0.02771478961955152431
eldrebr01,0.08304498269896193772
cancero01,0.09430473372781065089
garcifr02,0.04370447450572320499
mulhote01,0.01333299664149895205
macfami01,0.13774054712998941353
lawva01,0.11466547541978313892
caprani01,0.03417968750000000000
alomasa02,0.14933795510115952685
driesda01,0.12807039966230674976
frankry01,0.01652892561983471074
washicl01,0.12868016073111562501
maynebr01,0.12633484772716794167
reedjo01,0.09926181209721442454
younger03,0.04818258664412510566
serafda01,0.00000000000000000000
armasto01,0.12952977054686713255
turnech01,0.07622430161874188922
stanhdo01,0.00000000000000000000
whitfte01,0.12560091502481058814
hershor01,0.06167594090074285244
paytoja01,0.11829903455284552846
churcry01,0.08365776369397917610
devermi01,0.10998061124187250313
radkebr01,0.07438016528925619835
reynocr01,0.10096265976537422387
ellisaj01,0.08755777187202431312
mcclasc01,0.04115226337448559671
youngmi02,0.14830180389053864011
hannapr01,0.16000000000000000000
willied01,0.15358131240808859005
cookaa01,0.03791929995138551288
hilldo01,0.09958947515843282798
snidetr01,0.11692212933988584433
boevejo01,0.01000000000000000000
hamiljo02,0.06311637080867850099
hernake01,0.15594806205287101922
flynndo01,0.07001694905365352750
lawtoma02,0.12815647801070541595
lopezme01,0.03174603174603174603
zeileto01,0.13308744794765020821
zoskyed01,0.01388888888888888889
ellsbja01,0.12282304478901078823
howarry01,0.14318734269316722227
callaal01,0.09578130628889261780
diazbo01,0.10470755338842457652
hermadu01,0.00881096475614097544
pryorgr01,0.09165004732287723094
samarje01,0.05401234567901234568
gibsoki01,0.16071060123108417793
amezaal01,0.08765284869658693899
hayesbr01,0.09142857142857142857
morgany01,0.16406250000000000000
perezol01,0.03075500057810151463
daultda01,0.12339839298758217677
jacksda03,0.11699273674585511447
crometr01,0.06634527089072543618
heilmaa01,0.00000000000000000000
ruthvdi01,0.03924410289658854713
haltesh01,0.08526954553909107818
kingje01,0.14110733517714084597
mosebll01,0.12002280433282323641
oquenjo01,0.10578835358854149661
drewjd01,0.16942746956165364030
faheybi01,0.09551316880665732506
dunnad01,0.16863666551067339128
konerpa01,0.16231974009163542679
martiti02,0.16101851524076892939
valenel01,0.10768217863184746730
westbja01,0.16666666666666666667
bakerjo01,0.05613722432613054132
vandejo02,0.15471554695629552549
dipotje01,0.00000000000000000000
priceda01,0.00000000000000000000
wilsocj01,0.04132231404958677686
burrepa01,0.14690911698541117638
mccluse01,0.00000000000000000000
rojasme01,0.14814814814814814815
haliced01,0.02777777777777777778
mcdowro01,0.03000000000000000000
simonal01,0.01893491124260355030
walkedu01,0.05208333333333333333
furcara01,0.13004173553719008264
nolanjo01,0.11866451029302924810
campri01,0.01358080579447713898
perryge01,0.10150676556025460293
whitega01,0.03906250000000000000
anderma02,0.12972972972972972973
detwiro01,0.01097393689986282579
suppaje01,0.03454545454545454545
branyru01,0.14068371157713300776
hugheph01,0.00000000000000000000
theriry01,0.09862156733467241141
vottojo01,0.17492401264790539212
betanyu01,0.09422275774905868756
jacksco01,0.09602864583333333333
matlajo01,0.01231148045552477685
teahema01,0.07438016528925619835
harrile01,0.10804656533816048188
rekarbr01,0.00000000000000000000
bournra01,0.08559699537077474015
greenga01,0.13888888888888888889
curtijo01,0.05302360813028657998
munozpe01,0.12781065088757396450
rottivi01,0.06920415224913494810
kimby01,0.01700680272108843537
bogarti01,0.09484246543466428171
rivermi02,0.10479535795377360321
aceveju01,0.22222222222222222222
colonba01,0.00591715976331360947
damicje01,0.02913631633714880333
bernaro01,0.06180747922437673130
davisja02,0.00000000000000000000
fischmi01,0.07110762143411411448
uribeju01,0.12117990109330409122
hunteto01,0.13948628102277255712
mattido01,0.13540097934047169543
martite01,0.10309748874193679257
ceyro01,0.14456896169960644291
belchti01,0.04400000000000000000
casilal01,0.08062500000000000000
palmera01,0.17489210760856879118
uribejo01,0.08482611578772863748
bailema01,0.05555555555555555556
foxan01,0.08100227259483713070
newsowa01,0.12125639152666179693
correvi01,0.09943346051566655105
flahejo01,0.09929129042702449905
gonzaje01,0.00000000000000000000
perezro01,0.05668934240362811791
lemkema01,0.10110281150561313549
oberrmi01,0.05120000000000000000
chaveen01,0.10372081806654375442
daalom01,0.07190929355281207133
pariske01,0.11363636363636363636
worthcr01,0.10555555555555555556
adamsgl01,0.07785639958376690947
ritchto01,0.04938271604938271605
scarsst01,0.07370551526395682240
thamema01,0.13719019396551724138
barajro01,0.11897262956457298040
ortizda01,0.20587027778134296935
padilvi01,0.04800000000000000000
yeagest01,0.08245094459545350048
hanseda01,0.12047052460789616009
omallto01,0.10464766614320558655
spierbi01,0.13215092112585062251
valdese01,0.00694444444444444444
katama01,0.04400000000000000000
richacl01,0.05333333333333333333
drewst01,0.09993726336366449597
glaustr01,0.15879177758059745637
griffdo01,0.04255108113469549693
hillesh02,0.08673877137833661889
ransoco01,0.11138791454081632653
lampkto01,0.10842589692311399176
perezod01,0.01800720288115246098
masonji01,0.05768768099799509913
piefe01,0.03121748178980228928
huffmi01,0.08808864265927977839
laudnti01,0.10266859769017770079
goltzda01,0.02025462962962962963
dwyerji01,0.13161257255707345222
milbola01,0.09529550381751343199
blancgr01,0.12218808885896374850
menecfr01,0.09712987403521667947
figuene01,0.03067932797662527392
milleed04,0.18367346938775510204
salazos01,0.13759881902764019191
widgech01,0.09601664684898929845
dipinfr01,0.02378121284185493460
garcida01,0.11006562864946822096
delarto01,0.10380622837370242215
welleto01,0.01407641482332663028
bochtbr01,0.13664099895941727367
castrju01,0.09462993358753566829
galaran01,0.15411738107895710059
torreyo01,0.11309690619381238762
maddugr01,0.03931640625000000000
scutama01,0.12425919733887542121
jacksro02,0.10202929255399043006
longte01,0.10845532879818594104
paganan01,0.12131145919860765001
ariasal01,0.10940936439074420416
coxda01,0.01185185185185185185
gaettga01,0.12793867750782894223
hitchst01,0.01051129607609988109
buehrma01,0.02770083102493074792
ramirmi01,0.04000000000000000000
hemonsc01,0.04633136094674556213
robinsh01,0.08968098958333333333
caldwmi01,0.48000000000000000000
lopezjo01,0.08877207420758883293
mayda02,0.00000000000000000000
mcgwima01,0.20431614185461602050
petkoma01,0.07346938775510204082
lansfca01,0.13698015122873345936
smithle02,0.00000000000000000000
hiattph01,0.11213955144179423282
teixema01,0.15614335674413099908
atkinga01,0.08770792322423456514
wynegbu01,0.11435691978961209730
buhneja01,0.17040929004088514636
gibboja01,0.10161816205772249728
johnsru01,0.08310249307479224377
pascuva01,0.14876033057851239669
greenmi01,0.13873253514013971888
lyonsba01,0.15441176470588235294
walketo04,0.14247707223338282819
espinni01,0.02646502835538752363
mccutan01,0.16463746552474960081
dejesda01,0.12786582320269073869
morrijo07,0.06046761623219564633
kniceal01,0.09762755102040816327
portuma01,0.07521367521367521368
gallemi01,0.11437517336768388374
surhobj01,0.14468287388038928834
treanma01,0.07793353592785021076
willimi02,0.16000000000000000000
jacksmi02,0.15000000000000000000
engleda01,0.08316625826093413529
lathach01,1.00000000000000000000
mcgeewi01,0.12780345259657591737
youklke01,0.14215231769472400636
garresc01,0.01460976547481737793
essiaji01,0.10132142983668119177
janispa01,0.10612244897959183673
martiru01,0.12119592125606359293
mirabdo01,0.13009699249957245120
byrdpa01,0.04542996214169821525
mankoph01,0.06250000000000000000
jonesga02,0.11089419546300487903
daughja01,0.10320885719647213361
ruschgl01,0.04703488043416812708
harrigr01,0.14222222222222222222
velanjo01,0.07266435986159169550
hollaal01,0.03703703703703703704
johnscl01,0.12884408975580098038
brignre01,0.08001067995728017088
gaudich01,0.00146092037983929876
ashbyal01,0.09961879915401274047
stockke01,0.10159350198412698413
lakerti01,0.11248197404262137478
fullmbr01,0.14288653854068068645
hatchmi01,0.11391698338828820259
krencwa01,0.10424275626978329681
liebemi01,0.14074964916735211435
loaizes01,0.01234567901234567901
nadyxa01,0.14953973293020912069
tracyan01,0.18666666666666666667
volqued01,0.01134700946579473857
houghch01,0.06416930737890448167
sosasa01,0.16849648889175068126
willibe02,0.20090695695665775950
hernaor01,0.04123281965847563515
wilsobo02,0.05821648387246054885
duncama01,0.11479217244889967891
knorrra01,0.10311322625421376165
stennre01,0.09985127170602428701
smallro02,0.12414131287277679882
stewaia01,0.07736560206308272168
barrema02,0.09466566491359879790
gonzaal01,0.11328449901266092472
gentrcr01,0.03429355281207133059
hudlere01,0.10365924466076754888
sotoma01,0.03114035620196918744
posesc01,0.08510590957636169455
kendrho01,0.12889283668447041580
pauljo01,0.08147762747138397503
buforda01,0.10306895062297288144
johnsma01,0.11531512381762142629
jonesbo02,0.10379464285714285714
cartega01,0.14646846015612251043
lopezja01,0.15251310817160102732
burbada01,0.03850207700415400831
sakatle01,0.08675058111486338318
shawje01,0.00000000000000000000
womacto01,0.10807136664190989543
bradlmi01,0.16162577018700681007
difelmi01,0.09458378924332968605
parkch01,0.05499758782509539055
francjo01,0.00000000000000000000
grillja01,0.00000000000000000000
wiggial01,0.07277062641184696475
proctsc01,0.00000000000000000000
bumgama01,0.12375000000000000000
rolliji01,0.14287546177614185406
estrajo01,0.10507083514167028334
hernami01,0.08828764684941260235
tagucso01,0.08051294537781024268
valenjo03,0.13673802801458293358
allenga01,0.01730103806228373702
haranaa01,0.02038132807363576594
quinolu01,0.10023811949488966900
wendetu01,0.01183431952662721893
lopezja02,0.00000000000000000000
moliniz01,0.11111111111111111111
mullifr01,0.05612244897959183673
davisbo02,0.06112467151100262791
eischjo01,0.05325443786982248521
gutieri01,0.11822434532544844268
newmaje01,0.07112686980609418283
roeniga01,0.13743436512522700827
youngge02,0.09824014257072844732
batismi01,0.01560356652949245542
heepda01,0.10715625000000000000
mccraqu01,0.11582626466869319037
reyesgi01,0.06699649556792413935
riverre01,0.05512652238942645218
redmomi01,0.11579510631455992801
heltoto01,0.20956762426432026106
perezto03,0.11487178562179753943
trammbu01,0.07309862940069873690
hancoga01,0.05416666666666666667
cruzju01,0.08061630172642135933
jordari02,0.13324106113033448674
deleojo01,0.01080246913580246914
burkejo03,0.01743504819634738865
hausmto01,0.00000000000000000000
morame01,0.13631106364463431035
tewksbo01,0.03267973856209150327
tablepa01,0.11871426574007943256
upshawi01,0.12611520446898365379
elsteke01,0.05128205128205128205
rosalad01,0.10255957439763358020
simmsmi01,0.15036112530709505015
grantma01,0.12244897959183673469
pauliro01,0.09768803913038865134
davisch02,0.14136834940292490798
fontemi01,0.10476104465480578977
coneda01,0.01362456747404844291
perezyo01,0.00000000000000000000
eusebto01,0.11258729748159992475
hollato01,0.15888442309577492403
nieveme01,0.10653983353151010702
rodriwa01,0.02014568158168574402
cochrda01,0.09109161213563355146
spehrti01,0.09230451744774520691
pierzaj01,0.12137409556091519458
bostoda01,0.13177590565986071686
tartada01,0.16913429919568800960
winnra01,0.13997303558251472143
moralke01,0.13281792125351429206
blylebe01,0.01984714003944773176
smithza01,0.03327703759304434853
batisto01,0.11530250375332990411
lavalmi01,0.10455859807098915174
marzajo01,0.08403361344537815126
rodrilu01,0.08598564079371360733
ordonre01,0.09609609609609609610
riverbo01,0.01000000000000000000
limajo01,0.02437500000000000000
reedri01,0.05895691609977324263
thursjo01,0.08594263642340565417
walkbo01,0.03316845414201183432
santira01,0.11198367346938775510
liriane01,0.12533631820074968763
clarkda05,0.13890789714965539141
figuelu01,0.04000000000000000000
hessmmi01,0.05291005291005291005
marshmi02,0.12921915052150418292
francte01,0.08777961179157602035
wellmbr01,0.08037926219539660376
robinro01,0.00826446280991735537
patteco01,0.10476924302091260668
cruzne02,0.14809594489570084622
dejesiv01,0.08642246038313860147
grebecr01,0.10752114871561107934
littlma01,0.04000000000000000000
donnech01,0.25000000000000000000
mcgehca01,0.10041999771875398795
smithma03,0.11331048471707351193
lecroma01,0.09058725531028738026
strawda01,0.14608315752771696914
everead01,0.08104462809917355372
hamilda01,0.00000000000000000000
kunkeje01,0.05274305555555555556
pastofr01,0.03061224489795918367
quintom01,0.07970659726695697733
landrti01,0.07047091412742382271
moranmi01,0.11115326871200994704
parrist01,0.00000000000000000000
cabreas01,0.11392755073179586547
bruceja01,0.10737166138524219104
fultzaa01,0.00000000000000000000
jacksda04,0.09735325734965179710
santovi01,0.00000000000000000000
marteda01,0.00000000000000000000
wisema01,0.25000000000000000000
hammoch01,0.01360544217687074830
skokcr01,0.00000000000000000000
kuipedu01,0.09289317721148767317
abreuto01,0.11974981738495252009
bergmse01,0.04888888888888888889
masteju01,0.08163265306122448980
gwynnto01,0.14449704245668879149
staplda01,0.02498512790005948840
hendrge01,0.15622796326937680294
hernawi01,0.14062500000000000000
melenlu01,0.05920000000000000000
sheetan01,0.10018903591682419660
lombage01,0.07100591715976331361
johnsla03,0.14087431234021183346
gonzaca01,0.14734786272020252614
robinke02,0.09907026367931717726
mclemma01,0.10615341415354543675
munozbo01,0.00000000000000000000
whitter01,0.13071437741442293104
lefebjo01,0.02267573696145124717
wardga01,0.11897329171002428026
sheripa01,0.10685305483780249345
liefeje01,0.05909510618651892890
elliora01,0.03000000000000000000
davisgl01,0.12728635204081632653
perezed02,0.10289792387543252595
humeto01,0.00619834710743801653
milleri01,0.10795856388068394558
hillko01,0.07614048783728791037
shelbjo01,0.10272673797086116070
encared01,0.16599248933016860005
burrose01,0.09562221003994048085
vargaja01,0.09375000000000000000
minerza01,0.11111111111111111111
belinst01,0.06250000000000000000
candejo01,0.04303930770815686454
bellbu01,0.14345112207227742796
gonzaal03,0.05975294455616202241
willige02,0.12463671644545640234
hrbekke01,0.17065649542707557632
trammal01,0.14373595447831507227
penaal01,0.01646090534979423868
pennicl01,0.08736647624710654293
polidgu01,0.05555555555555555556
dentbu01,0.08515375384926773555
ingebr01,0.10686815920343128873
garcica01,0.09368217461317650354
merceor01,0.13766306931584712271
smithtr01,0.01234567901234567901
dunnist01,0.02768166089965397924
grudzma01,0.12149220538920313455
thurmga01,0.08597883597883597884
burkeja02,0.09035824675589929331
davisch01,0.13126436935102279733
miltoer01,0.04847381200138744364
oliveda02,0.09342560553633217993
heredgi01,0.02469135802469135802
marquja01,0.04945479413887868695
mcintti01,0.00000000000000000000
servasc01,0.09747529557196474301
tarasto01,0.11342155009451795841
ortizju01,0.09250215455328928469
shumpte01,0.19061143984220907298
porceri01,0.00000000000000000000
mcgowdu01,0.00000000000000000000
murphro01,0.11111111111111111111
kilgupa01,0.04000000000000000000
gilkebe01,0.14400268633223008618
rebouje01,0.08838277019991670137
sprinde01,0.00000000000000000000
ariasjo01,0.09529298036882807852
tekulke01,0.00173010380622837370
blanche01,0.09549811660201270591
delluda01,0.14186917278317794088
meulehe01,0.11681990265008112493
phelpke01,0.16384785189438319070
obriepe03,0.11297191872537794252
schoupe01,0.03235555555555555556
brownbo04,0.03635904557505365484
wronari01,0.59504132231404958678
tavarju01,0.01675485008818342152
anderbr01,0.16009040062434963580
kentje01,0.18383781591238589403
milleke01,0.04953433162892622352
deshide01,0.11675682928768668045
fernasi01,0.05045764403576206757
cruzne01,0.03550295857988165680
monrocr01,0.09478251362840281336
pocorbi01,0.08999501259166671798
willijo03,0.13881343363003916886
scottdo01,0.02493074792243767313
gulledo01,0.03555555555555555556
benarma01,0.11807816758362339107
ochoaal01,0.12427137792199987981
murphda08,0.13059588498590874763
cedenro01,0.11274609310495167039
kouzmke01,0.22948771345272802999
ramosbo01,0.06388082312839287969
uptonbj01,0.11290216808794943531
prolymi01,0.05325443786982248521
tatumji01,0.08543965824136703453
jonesto02,0.00000000000000000000
milesaa01,0.08907008759543854745
tettlmi01,0.14333790580704160951
amaroru02,0.07649689467014379824
diazma02,0.12524832087787342730
nokesma01,0.12778801058708808643
pridecu01,0.09985760056959772161
bottari01,0.22222222222222222222
sorrepa01,0.14599574455223100432
utleych01,0.14443917761402179715
hyzduad01,0.06250000000000000000
pavanca01,0.05332409972299168975
persoro01,0.03666702093740036136
basske01,0.11546930280957336108
cainma01,0.03077870113881194214
landera01,0.04650009300018600037
lopezlu02,0.10072329947676208064
treadje01,0.11312925975174219060
gantnji01,0.10839595519151606299
parkeda01,0.15296612821259701397
veresda01,0.02040816326530612245
brunter01,0.04752066115702479339
dickech01,0.08991735537190082645
davanje02,0.11001368571195910573
victosh01,0.13314645969738294373
cedenan01,0.07933061224489795918
mckayda01,0.08598258143668160975
chacijh01,0.01562500000000000000
raineti01,0.16851354518442173589
santafp01,0.06692444973230220107
gordoal01,0.13058910786183513456
princto01,0.08982433218671212322
leema02,0.08810189286650112923
ontivst01,0.11318082398078095306
cabreor01,0.12273948073847045729
bonifem01,0.08836565096952908587
forscbo01,0.08196847366397539408
johnsjo07,0.00000000000000000000
beimejo01,0.00000000000000000000
phelpjo01,0.15497366042892724107
robinje01,0.00000000000000000000
ryanbr01,0.06136228596121644250
hollida01,0.12556875559313962940
molinjo01,0.08707480347025280527
stegmda01,0.10633680555555555556
blairde01,0.04000000000000000000
giambja01,0.19293441101104272869
powerte01,0.02111414836459609765
willido03,0.19329388560157790927
lannajo01,0.05671077504725897921
mujiced01,0.00000000000000000000
bloomwi01,0.10192690137059930126
selbybi01,0.08161865569272976680
gilbrro01,0.09239411157024793388
lopezfe01,0.11659636543925554433
schumsk01,0.10160214911701237504
wilsopa02,0.01795841209829867675
niesejo01,0.02872737719046251077
whitede03,0.12888450834879406308
lovulto01,0.10344827586206896552
hatchbi01,0.10827446317409246695
spilbry01,0.07758387022789349680
matsuka01,0.02737777777777777778
owchibo01,0.06666666666666666667
saundmi01,0.05092592592592592593
escobyu01,0.11651575212647928994
lestejo01,0.00426764212772443225
larkiba01,0.15454112808610163108
luzingr01,0.16617175243263054857
maymi01,0.10646661126210103097
ramiral03,0.10767195767195767196
schuri01,0.10745319481373865848
stulter01,0.02925310293408183852
reimono01,0.11691589035947273752
valleda01,0.09643381689814218351
reyesde01,0.00826446280991735537
salasma01,0.08414725770097670924
fickro01,0.09288691106872925055
hallto02,0.09288065843621399177
chaveje01,0.02777777777777777778
leskacu01,0.20408163265306122449
rhoderi01,0.07738476778742497523
guerrwi01,0.06179582410037139914
schrobi01,0.08550000000000000000
pelfrmi01,0.12000000000000000000
redditi01,0.02003198383974412928
lisjo01,0.13661099643460311503
nordhwa01,0.08565271385784206297
roberle01,0.11320347984184967698
abreubo01,0.17350607374954057937
roberda07,0.12088362095762102420
molinbe01,0.13199391866999444793
sheafda01,0.09465695540976314912
troutst01,0.02759114933261668010
mcdonda02,0.12025859153577452005
bellira01,0.06808544702982786392
fitzgmi02,0.10166313495329273105
grossga01,0.08455734318376779118
freemma02,0.03550295857988165680
ramosdo01,0.06878372378935865037
linebsc01,0.25000000000000000000
phillja04,0.06746500252993759487
sweenma01,0.12750345413965352322
youngmi01,0.07798903279226358793
adamsmi02,0.08264462809917355372
cairomi01,0.10562840286409551654
myersra01,0.04818560380725758477
boonebo01,0.11211461889732630438
ozunapa01,0.11700005658669081032
brumfja01,0.10104628145913846734
morriji01,0.13562386672035045138
thompja01,0.13474659380008308256
olerujo01,0.16723524626983452512
orsuljo01,0.12007929398503729243
motagu01,0.00000000000000000000
schilcu01,0.03206057328285559762
delucri01,0.08000000000000000000
mayde01,0.10179374081075404327
orrpe01,0.08276895227989138916
pettian01,0.04500000000000000000
raburry01,0.12362230414570949550
willich01,0.03024574669187145558
bielemi01,0.01680551565642056880
greento01,0.03550295857988165680
mccarbr01,0.00840159630329762655
rolensc01,0.16961177516364863138
ordazlu01,0.00000000000000000000
roeniro01,0.05494940358414834078
trillma01,0.11071804483117841889
guilljo01,0.15256774796826515867
jacksed01,0.05432098765432098765
gillaco01,0.11564800000000000000
hernajo01,0.12613599304964611285
venturo01,0.15442169235750182576
colemvi01,0.10312319462194289316
jacksda02,0.01460505497180412998
jamesch02,0.13183581152552867622
dilonmi01,0.11377683172448831470
willire02,0.12344777209642074507
delgawi01,0.09931488198324782973
chileri01,0.10737924794844526277
glovega01,0.01652892561983471074
rivaslu01,0.08302457466918714556
cintral01,0.08645950978297365770
housepa02,0.07675718066856190570
mizerjo01,0.04938271604938271605
durazer01,0.10161126433444621861
bragggl01,0.11831717907109337310
blankky01,0.17357667129537790121
kusiccr01,0.10744039069232979029
menchke01,0.08283928857554879026
maysjo01,0.08333333333333333333
paintla01,0.00000000000000000000
johnswa03,0.10323911111111111111
sandbry01,0.15349654099052037305
bennega01,0.09186131397364455159
guilloz01,0.10136077432984979852
johnsni01,0.13094112645851442494
kisonbr01,0.06508875739644970414
spikech01,0.11782423177596902004
edmonji01,0.18931758707953376968
gedmari01,0.09667926429831191736
cookde01,0.49382716049382716049
curtich01,0.11716101432202864406
dobbsgr01,0.10200000000000000000
trachst01,0.02197133585722011898
cedendo01,0.07081298477449008905
grubeke01,0.12580774970675507506
bernato01,0.13146396476187102183
folkeri01,0.00000000000000000000
sveumda01,0.07514878638814435234
lopezro01,0.00173010380622837370
barfije01,0.12970891878534462965
spraged02,0.11641630159892759912
blowemi01,0.12619366562219711354
johnsho01,0.14896467684231904888
ohmanwi01,0.37500000000000000000
perezne01,0.09386977429139348852
smithpe02,0.04273192111029948868
greensh01,0.18269306768926688837
gonzare01,0.09939669399128858588
hanigry01,0.08263719447050372303
paglimi01,0.11709676041295834817
ruckeda01,0.00000000000000000000
brownem01,0.14564030845133344988
booneaa01,0.11577866467964356072
newmaal01,0.05818826082196144007
woodsga01,0.10609861591695501730
johnsel02,0.02216066481994459834
koskico01,0.13666010756919847829
russejo02,0.08386432702676208215
velezot01,0.14594872975373042164
hammeja01,0.02483564645726807889
roberbr01,0.14361124396032700276
scottmi03,0.02186198691255205235
sanchjo01,0.00000000000000000000
tollewa01,0.06179804357952486931
muldema01,0.16503906250000000000
puhlte01,0.13410382231404958678
eastwra01,0.00000000000000000000
suzukic01,0.14636094674556213018
francje01,0.01315567549333783100
foggjo01,0.02219579865239793896
bardjo01,0.08554719523380492041
kluttmi01,0.06222222222222222222
hammaat01,0.02892561983471074380
brusswa01,0.02770083102493074792
distebe01,0.08094674556213017751
reynoro02,0.01562500000000000000
stubbfr01,0.11384506162010438139
walewji01,0.03550295857988165680
griffke02,0.20225039412619123534
lindeji01,0.13757396449704142012
montgbo01,0.12955225606846997933
peraljh01,0.11939144761191725515
whitalo01,0.14325092901132259809
ramirar01,0.18679179231905052970
bosleth01,0.14975120672717148826
hillaa01,0.12776355222609935524
washbja01,0.07031250000000000000
durhara01,0.14694896030245746692
jonesan01,0.16058996892626723410
kottage01,0.16049382716049382716
davisma01,0.04864724245577523413
forscke01,0.02540642722117202268
mendoma01,0.07297159494961692764
stclara01,0.25000000000000000000
wynnema01,0.08792792792792792793
damonjo01,0.13310266331850081221
holbera01,0.06250000000000000000
herndla01,0.13706446640005850656
loneyja01,0.11666443232248520710
wilkiri01,0.07599467567476873860
murraed02,0.17539412324412462407
osikke01,0.07289509746512203515
cubbami01,0.09739926019453203815
brookhu01,0.13763760006329432290
blaloha01,0.13066525197108500250
bordepa01,0.09987037620927986227
rasmuco01,0.13402138240331937186
carrch02,0.10631157704044131295
coopece01,0.16884538545665622883
taverfr01,0.09734723972666030240
johnsre02,0.12310080168596123998
howelro02,0.11686135537190082645
kempst01,0.11666988374803333139
randowi01,0.10826704499997333177
zachrpa01,0.02240000000000000000
harribr01,0.06226843100189035917
thompro01,0.12677873098421408243
almonbi01,0.10206138474589789511
saltaja01,0.12209292574996346316
darliro01,0.02912710007304601899
jonesbo03,0.02670940170940170940
ishiktr01,0.10396107209855601636
jordabr01,0.15171533007442638834
mumphje01,0.13646781973851261202
barnesk01,0.13047545858531858732
infanom01,0.12773902356513062953
carlybu01,0.02646502835538752363
bellhma01,0.10967449980340204303
murphda05,0.17838229179392825252
palacvi01,0.00065746219592373439
eatonad01,0.06611570247933884298
hinchaj01,0.04958677685950413223
richajr01,0.04636213017751479290
doranbi02,0.11110850000000000000
lynched01,0.01041666666666666667
sheetbe01,0.00883921396741909562
adducji01,0.15512465373961218837
villoro01,0.03562500000000000000
matsuda01,0.05208333333333333333
claytro01,0.11596155605119293037
matthga01,0.15009514042758520776
flowety01,0.09523502066115702479
hudsoti01,0.03875007750015500031
ankieri01,0.15652587890625000000
narroje01,0.08289119569396386005
frandke01,0.10378062579749456299
rodrial01,0.21172103776411115451
tynerja01,0.11090213800349801219
felizpe01,0.11405072123257436598
bondeje01,0.00000000000000000000
randlle01,0.11299535491363042532
anderji01,0.01730103806228373702
heatone01,0.02796800000000000000
ohlenro01,0.00000000000000000000
simpsjo01,0.08002822690030691435
davisru01,0.13173385850541583710
herrto01,0.11201671429450561008
vailmi01,0.08565656565656565657
bourgja01,0.08818194033861865090
guillca01,0.17287158179946556865
henrydo01,0.00000000000000000000
pettiga01,0.08692404149875936037
clemepa01,0.00000000000000000000
fieldce01,0.14702574315649726836
gilesma01,0.08648558263971462545
botteke01,0.02002604005208010416
rapppa01,0.00000000000000000000
cruzjo01,0.14814151966980235120
lewisda01,0.09744237348710508773
dyeje01,0.13043446908238687579
guerrpe01,0.18389027724379512153
freedro01,0.15893377759266972095
jonesad01,0.14432936639018485349
barremi01,0.14395379008510936095
bushda01,0.02708525700215450908
hawpebr01,0.10842584072033454088
mormaru01,0.11900826446280991736
ludwiry01,0.13789516599005925486
suzukma01,0.25000000000000000000
edensto01,0.00000000000000000000
quinthu01,0.08333739888961526828
caprabu01,0.01840894148586456279
matsuhi01,0.13074703820165680085
penato01,0.10525048464442403836
wathajo01,0.08864957407523242264
blackti01,0.10942523424887722801
willibr01,0.24000000000000000000
wittke01,0.04111797903789303951
poqueto01,0.08050735819940532199
iannech01,0.10816141757744292828
sassema01,0.06962736465950745086
kennead01,0.10796493112480449243
blantjo01,0.01382716049382716049
reynosh01,0.03765946196047326327
hafnetr01,0.13361243971141731336
liebejo01,0.04354793100197945141
mercaor01,0.05756734693877551020
morelke01,0.13318890424062068233
hornsa01,0.26962809917355371901
averyst01,0.06222222222222222222
jonesja04,0.12714599262268828773
saxst01,0.11065687951594707333
jacksbo01,0.13316761363636363636
relafde01,0.09792163264761065374
garcika01,0.13294679797214614533
stewach01,0.08657785565203947538
kingmda01,0.15771476566349728069
kennete02,0.10611303344867358708
freelry01,0.09180925695820675915
roberry01,0.09681118967323829566
howelja02,0.08777777777777777778
evelada01,0.00000000000000000000
bevacku01,0.10522073042789938319
credejo01,0.12664235720947995388
owenla01,0.07310013717421124829
gonzaju02,0.03305785123966942149
crosbbo01,0.08850952659790099545
alexado01,0.04380746349378042185
coxla01,0.07428156389351830999
astacpe01,0.02505703233485419560
hamiljo03,0.12308774653343304778
reedje02,0.11042215337856377328
fowlede01,0.12578425739729962654
morenom01,0.09427590351450499687
tholejo01,0.05769230769230769231
wilsogl01,0.10697668000055199525
benjami01,0.09517388117020143150
mooread01,0.06250000000000000000
taubeed01,0.14172800000000000000
bautijo01,0.00222222222222222222
mcgrite01,0.06633744855967078189
bentobu01,0.04897959183673469388
lowenjo01,0.10842656893004115226
girarjo01,0.10775187273798501810
oneilpa01,0.15887645747599451303
swishst01,0.05630565929330652111
feldemi01,0.09009884243789345148
hammoje01,0.15033840850330364838
ryanmi03,0.06750000000000000000
bushra01,0.13473548302306507237
cabreme01,0.15144655632374419063
shueypa01,0.04000000000000000000
parrila02,0.13686748099703565291
chapmke01,0.04066811909949164851
wellski01,0.05952380952380952381
reitzke01,0.09896304917193730074
gardnma01,0.02833530106257378985
macharo01,0.09324074074074074074
podsesc01,0.12057856673241288626
walkegr01,0.09215804170971074380
sinatma01,0.07372400756143667297
mainejo01,0.00000000000000000000
tallebr01,0.00000000000000000000
backmwa01,0.10338672279028266536
mitchke02,0.11000000000000000000
stinnke01,0.10446789504761616376
howelja01,0.00000000000000000000
lancale01,0.00000000000000000000
munsoer01,0.09112482202183198861
servisc01,0.00000000000000000000
craigro02,0.05555555555555555556
martisa01,0.00000000000000000000
graffto01,0.12507869406867845994
wilsoja02,0.11213905022223815503
coninje01,0.13789578243711240570
cahiltr01,0.03125000000000000000
jennija01,0.01111111111111111111
squirmi01,0.08452936174598675565
schirca01,0.09297520661157024793
evansni01,0.18525519848771266541
estrama01,0.02379535990481856038
taveral01,0.04081632653061224490
kellypa03,0.10673587692036412528
wilsoen01,0.08153455672603939714
castibo01,0.01652892561983471074
ruggiju01,0.11778834062672903777
wilsova01,0.09413965707689398840
grimsro02,0.03451676528599605523
molinya01,0.14606303854875283447
montejo01,0.00901388137732107445
moraljo01,0.12562493623099683706
harnipe01,0.01628130476567358245
broweji01,0.00000000000000000000
bautida01,0.14493990923640911915
riggsad01,0.11180015721897108918
bransje01,0.06744693513191827018
hernaca01,0.11249323958896700919
bedrost01,0.03515625000000000000
fermife01,0.09082152194853447090
penawi01,0.07401585369360388770
zimmery01,0.14577195547810294520
doylede01,0.08315565031982942431
gonzajo02,0.04082573784722222222
wolfra02,0.04203415274910865078
mcgafan01,0.00591715976331360947
percoja01,0.06505102040816326531
stanlmi02,0.16581624990006197313
woodja02,0.11350344185083587806
lezcasi01,0.12734939759036144578
escobal02,0.09989203954214360042
lawleto01,0.05536051849851471780
sutclri01,0.07917805636723536620
hendeda01,0.13655223122844488017
nomohi01,0.02599591236688300047
swancr01,0.04155893900220243225
duffyfr01,0.06839752455015114112
evansdw01,0.15113441363611049231
kennejo04,0.22222222222222222222
lillyte01,0.02699398503594307790
stynech01,0.11235261794192221092
fistedo01,0.06611570247933884298
cabelen01,0.10631902050770068865
ritzke01,0.04907792980368828079
templga01,0.09981549426604762673
mccanbr01,0.12320751407517088204
sardida01,0.07040488683530425249
berryse01,0.13240162915487590812
bonilbo01,0.16679748412786812208
frasewi01,0.00000000000000000000
worreti01,0.00000000000000000000
anderbr04,0.01664201183431952663
castica01,0.10174618237211102648
mossbr01,0.12939432164288048981
kenneia01,0.02957523631790336322
gilesbr02,0.18864979418170103764
perezpa01,0.01720922798231125793
williea02,0.10555470947853576981
harriwi01,0.11561413723665808446
redusga01,0.12555280957336108221
ibanera01,0.15170003706790114855
kempma01,0.14795882628460068334
leonaje01,0.13022574170186271182
mercejo02,0.00000000000000000000
hallaro01,0.01777777777777777778
singlch01,0.10934911242603550296
phillpa01,0.05600000000000000000
raudo01,0.02972107910379515318
cuylemi01,0.09461538461538461538
ramirha01,0.14535247157450638977
romered01,0.08756079329708060420
sullisc01,0.02777777777777777778
ashlebi01,0.25295857988165680473
aldrico01,0.01775147928994082840
jonesly01,0.05386938217725759880
stephga01,0.03250000000000000000
bagweje01,0.20627200000000000000
baylodo01,0.13622455302518558859
draveda01,0.03555555555555555556
mlickda01,0.01851851851851851852
cookest01,0.25000000000000000000
gonzalu01,0.14936638832759965193
humphte01,0.06942701603310180110
saenzol01,0.13101316850309056705
smithoz01,0.11530315782775695312
higgibo02,0.12435155850527217700
silvaca01,0.01038781163434903047
barkeke01,0.12345679012345679012
onealra01,0.02777777777777777778
tejadmi01,0.16622687463620620933
bensokr01,0.05291005291005291005
finlest01,0.14060665887862573598
josefe01,0.14511784691368560289
valdewi01,0.08633429466315588458
evereca01,0.16523253490951426347
richage01,0.10482177711826315044
anderga01,0.16292666511004798270
brantmi02,0.16400275567059935836
milleco01,0.06605755093467758874
uptonju01,0.14323330645223624104
wangch01,0.01646090534979423868
corpoca01,0.06265173466990367296
germaes01,0.10686842537804076266
staufti01,0.01785360047609601270
martipe02,0.00000000000000000000
decindo01,0.14010361257855360639
canoro01,0.17348226045942877107
trevial01,0.10091024460367017812
obriech01,0.09487626072900302803
benitar01,0.00000000000000000000
brantje01,0.00000000000000000000
jordake01,0.08897017794035588071
nolasri01,0.03415067276825353459
tatisfe01,0.08193771626297577855
carradj01,0.00000000000000000000
jacobmi02,0.07561436672967863894
sierrru01,0.12676620866077244809
mcgrifr01,0.18333241303810262332
cuddymi01,0.13685060523895034855
eisenji01,0.12134347383572517877
verasqu01,0.10296262763442482772
younger02,0.05333333333333333333
jonesra01,0.02327160493827160494
buechst01,0.12338582815150752062
dukeza01,0.20160000000000000000
henderi01,0.15791638629217364452
wasdijo01,0.05555555555555555556
murphdw01,0.12649864385377725146
pichahi01,0.00000000000000000000
rogerst01,0.03251910120817494072
butersa01,0.08187455621301775148
smithbi05,0.05714285714285714286
davisro02,0.00000000000000000000
mcgloly01,0.05769230769230769231
younger01,0.12344758805505266252
dacqujo01,0.02380952380952380952
marreel01,0.13083985957331893060
roajo01,0.07438016528925619835
manrifr01,0.10181224870345550959
watsoma02,0.09090909090909090909
corcoti01,0.12183605041045207538
boggswa01,0.16646076521221714790
welchbo01,0.02494223902541482882
moretro01,0.01701323251417769376
parrama01,0.25000000000000000000
sloweke01,0.00382653061224489796
mcclell01,0.09592222222222222222
wardda01,0.14160399367928325457
griffke01,0.14276731966125905520
fasansa01,0.12885813148788927336
allenne01,0.00000000000000000000
justida01,0.17365501635173556230
bibbyji01,0.05104026753652586278
blairwi01,0.01007810531620055430
greenwi01,0.11139403865769260298
hamilda02,0.11899191862702484212
chalkda01,0.08515446791106763531
pickeca01,0.12941176470588235294
krukjo01,0.16080648335690952209
bicheda01,0.18387538271632562493
rijojo01,0.05576694411414982164
bereja01,0.05477230755371379668
carrido01,0.01753104455807158510
fletcda01,0.13403111018573318622
sanchga01,0.10320714065866420437
blakeca01,0.13595043885834792338
drabedo01,0.04084011108906962904
dunstsh01,0.12155503925652940234
willije02,0.12500000000000000000
espinal01,0.08625332949657273982
kileda01,0.03806228373702422145
breamsi01,0.13014728975744932896
leachri01,0.11965283679723917690
wardtu01,0.13682470371846728813
turneje01,0.10322580645161290323
borgmgl01,0.08340001524157902759
gwynnch01,0.10541670022461453104
puckeki01,0.15624178409442036251
bochybr01,0.11727272727272727273
gardnbr01,0.12241152000000000000
joynewa01,0.14348667400387706864
thompry01,0.13450046292399629661
iorgda01,0.09528994082840236686
howarda02,0.08604444444444444444
rungepa01,0.09149970243999206507
leetr01,0.11244693515419689585
merckke01,0.03443120167456960998
mitrese01,0.00000000000000000000
borbope02,0.00000000000000000000
gladdda01,0.10992868680898266865
hallbi03,0.10077660221741481882
webbbr01,0.00000000000000000000
myersro01,0.00000000000000000000
wengedo01,0.00000000000000000000
summech01,0.13722004412628370978
bonesri01,0.00000000000000000000
mcdonjo03,0.08210998297010067042
beanbi01,0.08507606705804904003
lankfra01,0.17599296548726029167
scottto01,0.09230079742285587124
cabremi01,0.21390724634140382595
rossco01,0.13068062382836563679
choosh01,0.13383237490911494481
hosleti01,0.06931530008453085376
castrra01,0.13268687729767169268
mintogr01,0.04760742187500000000
weathda01,0.03114186851211072664
jacksch03,0.00000000000000000000
andruel01,0.10335691617899671005
lewisfr02,0.03645833333333333333
pujollu01,0.05247813411078717201
husonje01,0.07388711890794404899
gipsoch01,0.09765625000000000000
scottro01,0.06484863241619998377
arroybr01,0.03579767508646630623
mahlemi01,0.05859375000000000000
camermi01,0.13529295413696132644
mullira01,0.14574018659026815060
pencehu01,0.14353862926851207102
barmecl01,0.10179340185231945185
sorenla01,0.00000000000000000000
willaje01,0.09073724007561436673
newhada01,0.08975069252077562327
bernido01,0.10204081632653061224
schiena01,0.10218942901234567901
larueja01,0.09957690226493854518
beckhgo01,0.08336483931947069943
garcija02,0.02082644628099173554
holmeda01,0.04166666666666666667
happja01,0.00765306122448979592
dayleke01,0.00000000000000000000
ripkeca01,0.12715246250500732143
brownja01,0.01723607263773468760
harkemi01,0.03024574669187145558
nortogr01,0.10912955680731214794
puntoni01,0.08749773075612578218
lacocpe01,0.11289943596301545931
pradoma01,0.13097292079459431997
gomezle02,0.12590506604732181739
bordimi01,0.10461690030006397760
noboaju01,0.07637431374779003526
sanchfr01,0.11966640441191256611
bellke01,0.14814814814814814815
kleskry01,0.17028568983191626353
knighra01,0.12661246272267479886
stairma01,0.14929829489300167494
valenfe01,0.04111193293885601578
mearepa01,0.09442406380207657702
oroscje01,0.03099173553719008264
kubelja01,0.12682042614498895535
izturma01,0.09982216090105143467
palmede01,0.15540401843782518210
aldremi01,0.12165258434823145504
cangejo01,0.07907679272044060491
motleda01,0.00000000000000000000
riverju01,0.13091299677765843179
whiteri01,0.01234567901234567901
hodgero01,0.09944987448592640068
bautijo02,0.18449363844267978937
oquismi01,0.00000000000000000000
landrke01,0.11835228091613585103
custja01,0.14342336904582264474
abbotku01,0.11528727122466899675
rossda01,0.13764320621695241147
butlebr01,0.13020752137765231698
kieltbo01,0.07479224376731301939
lennopa01,0.12846566990854986210
hallme01,0.12182169235271650438
maddoga01,0.11568564896407974944
leiussc01,0.04982698961937716263
thomsjo01,0.05645161290322580645
scottlu01,0.11468915397797020440
wrighja01,0.02231968047615318349
johnske05,0.10591667546958184865
sanchje01,0.00000000000000000000
thomade01,0.10150988759128436142
santara01,0.10650887573964497041
dennyjo01,0.03567181926278240190
diazei01,0.07658299551665816532
smilejo01,0.06328669795184421736
sextoji01,0.04000000000000000000
harrigr02,0.04591836734693877551
maddumi01,0.00781250000000000000
jamesdi01,0.11686987412832770493
lawrebr02,0.06250000000000000000
deshaji01,0.01398335315101070155
jonesch05,0.09599060593696822538
romerma01,0.24489795918367346939
harderi01,0.04000000000000000000
cabreev01,0.05391628271738064896
reddijo01,0.13704952741020793951
mathemi01,0.09466895416827141907
morrobr01,0.00000000000000000000
assenpa01,0.04081632653061224490
mortoch02,0.00246548323471400394
herrejo03,0.07924938271604938272
pennybr01,0.05113636363636363636
roystje01,0.10212237862683137030
davisra01,0.11496512120861756658
manzajo01,0.04000000000000000000
mabryjo01,0.11405055849500293945
riosal01,0.13061118474223887329
vaughgr01,0.15019391380077314905
cabrejo02,0.11089066666666666667
caldeiv01,0.12722783431952662722
smithja05,0.06100000000000000000
nevinph01,0.16447920512906582525
mathegr01,0.00000000000000000000
hayesch01,0.12108165016614537695
cruzhe01,0.10621120532273114528
knoblch01,0.13462789066814266670
mooredo01,0.11111111111111111111
gonzawi01,0.08503401360544217687
ardoida01,0.05981214555765595463
steinte01,0.13313845756887880302
lopesda01,0.12043634021655999678
reedst01,0.11111111111111111111
samueju01,0.10501692884075266458
hoovepa01,0.08460182663034770069
latosma01,0.08506944444444444444
goodsed01,0.07087442472057856673
martivi01,0.15588989430688272387
crawfca02,0.13793592162656866851
grosske01,0.04239540466392318244
naehrti01,0.14766447018811775959
stantle01,0.10200673849770940165
elartsc01,0.06925207756232686981
posadjo01,0.15732855726995704429
hillgl01,0.14839848774287225051
wockejo01,0.13879914504835356945
michach01,0.11111111111111111111
snydech02,0.09384752102837539008
tillmch01,0.00000000000000000000
ruizca01,0.11985806190557506552
cedenro02,0.09590687753503309264
chacosh01,0.03506208911614317020
normane01,0.00000000000000000000
vogelry01,0.12000000000000000000
picciro01,0.07200000000000000000
gilesbr01,0.12231404958677685950
ortajo01,0.12865110111370200134
bradlsc01,0.06756452412053511103
thompmi02,0.11249323958896700919
lunahe01,0.08044321329639889197
varshga01,0.09360683048729695960
bushho01,0.00000000000000000000
suttola01,0.05555555555555555556
weisswa01,0.10435085430519316556
maciajo01,0.08528173430081519305
hoffmtr01,0.04081632653061224490
gloadro01,0.12285186973613657976
greggto01,0.10072069943289224953
