"","player_id","war7","war8","war9","war10","war11","predwar7","predwar8","predwar9","predwar10","predwar11"
"1","alexama01",0.5,0.4,0.3,-1,-1,-0.281696428571429,0.236964285714286,0.0758373205741626,-0.304934210526316,-1.30242718446602
"10","allench01",-0.3,-1,-1,-1,-1,-0.580224719101123,-0.714987080103359,-1.28169642857143,-1.26303571428571,-1.32416267942584
"17","alomaro01",2.2,2.7,5.3,3.4,3.7,6.14914122137405,2.12233840304183,2.59970958373669,5.18914807302231,3.11977528089888
"34","anderji01",0,-1,-1,-1,-1,-0.177661596958175,-0.100290416263311,-1.11085192697769,-1.28022471910112,-1.41498708010336
"40","anderma02",-0.9,0.7,1.5,0.7,-0.2,2.11977528089888,-1.31498708010336,0.418303571428571,1.23696428571429,0.375837320574163
"52","andinro01",2.3,0.2,-0.3,-1,-1,0.222338403041825,2.19970958373669,0.0891480730223124,-0.580224719101123,-1.41498708010336
"62","ankieri01",-1,-1,1.2,2,0.4,0.148361469712016,-0.950858778625954,-1.07766159695817,1.09970958373669,1.88914807302231
"73","anthoer01",0.4,-0.9,0,-1,-1,-0.877661596958175,0.299709583736689,-1.01085192697769,-0.280224719101123,-1.41498708010336
"82","ashbyal01",-1,0.6,2.2,0.7,0.3,1.52233840304183,-1.10029041626331,0.489148073022312,1.91977528089888,0.285012919896641
"99","ashlebi01",0.2,-1,-1,-1,-1,-0.977661596958175,0.0997095837366894,-1.11085192697769,-1.28022471910112,-1.41498708010336
"106","auerbri01",-0.4,1.2,0.1,0.3,-0.5,-0.477661596958175,-0.500290416263311,1.08914807302231,-0.180224719101123,-0.114987080103359
"117","bailema01",0,-1,0,-1,-1,-1.10029041626331,-0.110851926977688,-1.28022471910112,-0.414987080103359,-1.28169642857143
"124","bailobo01",0.4,1.9,1.6,0.7,0.7,0.289148073022312,0.119775280898877,1.48501291989664,1.31830357142857,0.436964285714286
"135","bakopa01",-0.1,0.2,-0.4,-0.5,-0.8,0.318303571428571,-0.363035714285714,-0.124162679425837,-1.00493421052632,-0.802427184466019
"147","banksbr01",0.1,-0.3,-1,-1,-1,-1.41498708010336,-0.181696428571429,-0.563035714285714,-1.32416267942584,-1.60493421052632
"153","bardjo01",-0.3,-1.2,0,0,-1,0.619775280898877,-0.714987080103359,-1.48169642857143,-0.263035714285714,-0.324162679425837
"163","barrema02",0.7,0.4,-0.2,-0.1,-1,1.31977528089888,0.285012919896641,0.118303571428572,-0.463035714285714,-0.424162679425837
"173","bartlja01",2.5,-0.1,-0.8,-1,-0.2,5.91977528089888,2.08501291989664,-0.381696428571428,-1.06303571428571,-1.32416267942584
"183","batisto01",3,-0.5,-0.2,-1,-0.6,1.99970958373669,2.88914807302231,-0.780224719101123,-0.614987080103359,-1.28169642857143
"194","beckeri01",1.4,0.8,-1,-1,-1,-0.477661596958175,1.29970958373669,0.689148073022313,-1.28022471910112,-1.41498708010336
"202","beckhgo01",0.7,-1.2,-0.2,-1,-1,0.599709583736689,0.589148073022312,-1.48022471910112,-0.614987080103359,-1.28169642857143
"211","bellbu01",4.4,6.9,6.5,6.2,5.7,3.74914122137405,4.32233840304183,6.79970958373669,6.38914807302231,5.91977528089888
"229","bellda01",3.3,3.2,0.2,4.4,0.9,0.799709583736689,3.18914807302231,2.91977528089888,-0.214987080103359,4.11830357142857
"241","belleal01",6.9,5.6,1.5,7.1,3.4,5.59970958373669,6.78914807302231,5.31977528089888,1.08501291989664,6.81830357142857
"253","bellhma01",-0.1,3.7,0.5,0.9,-0.1,3.29970958373669,-0.210851926977688,3.41977528089888,0.0850129198966408,0.618303571428572
"263","bellja01",3.9,6.2,3.4,1.2,2,3.84914122137405,3.82233840304183,6.09970958373669,3.28914807302231,0.919775280898877
"281","benjami01",0.4,0.7,0.2,2,1.4,1.18914807302231,0.119775280898877,0.285012919896641,-0.0816964285714285,1.73696428571429
"294","betanyu01",-0.5,-1.1,-1.9,-1,-1,-1.01085192697769,-0.780224719101123,-1.51498708010336,-2.18169642857143,-1.26303571428571
"303","biggicr01",4.6,6.3,5.5,9.4,6.5,4.19970958373669,4.48914807302231,6.01977528089888,5.08501291989664,9.11830357142857
"323","blankky01",0.4,-1,-1,-1,-1,0.299709583736689,0.289148073022312,-1.28022471910112,-1.41498708010336,-1.28169642857143
"330","blankla01",0.3,-0.1,0.6,-1,-1,1.09970958373669,0.189148073022312,-0.380224719101123,0.185012919896641,-1.28169642857143
"339","blumge01",-0.1,1.1,0.7,0.2,-0.4,-0.981696428571428,-0.363035714285714,0.775837320574163,0.0950657894736842,-0.102427184466019
"353","bogarti01",0.5,-1.3,0.3,-1,-1,-1.28169642857143,0.236964285714286,-1.62416267942584,-0.304934210526316,-1.30242718446602
"362","bondsba01",9,9.9,6.2,7.5,9.6,7.82233840304183,8.89970958373669,9.78914807302231,5.91977528089888,7.08501291989664
"384","booneaa01",4.1,-1,1.5,-0.7,0.4,2.81977528089888,3.68501291989664,-1.28169642857143,1.23696428571429,-1.02416267942584
"396","bordepa01",-0.3,-0.4,0.1,0.3,-0.4,-0.414987080103359,-0.581696428571429,-0.663035714285714,-0.224162679425837,-0.304934210526316
"413","borgmgl01",0.8,-0.1,0.6,-1,-1,0.199709583736689,0.689148073022313,-0.380224719101123,0.185012919896641,-1.28169642857143
"422","bowala01",1.4,3.2,5.7,1.5,0.7,2.61977528089888,0.985012919896641,2.91830357142857,5.43696428571429,1.17583732057416
"438","braggda01",-1,0,1.3,-1.5,0.5,0.519775280898877,-1.41498708010336,-0.281696428571429,1.03696428571429,-1.82416267942584
"449","braunry02",2.1,1,3.8,4.4,1.2,6.88914807302231,1.81977528089888,0.585012919896641,3.51830357142857,4.13696428571429
"460","brenlbo01",3.2,-0.5,-0.6,-1,-1,3.03696428571429,2.87583732057416,-1.10493421052632,-0.902427184466019,-1.75138888888889
"469","briggda01",-0.3,-0.5,-1,-1,-1,-1.10029041626331,-0.410851926977688,-0.780224719101123,-1.41498708010336,-1.28169642857143
"476","brignre01",-0.6,-0.2,-0.1,-1,-1,-1.30029041626331,-0.710851926977688,-0.480224719101123,-0.514987080103359,-1.28169642857143
"485","brockgr01",0.5,0.8,0.4,0.6,-1,1.38501291989664,0.218303571428571,0.536964285714286,0.0758373205741626,-0.00493421052631582
"495","brohaja01",-0.6,-0.2,-0.4,-1,-1,0.499709583736689,-0.710851926977688,-0.480224719101123,-0.814987080103359,-1.28169642857143
"504","brookto01",1.9,0.3,0.3,1.1,-1.2,1.58501291989664,1.61830357142857,0.0369642857142856,-0.0241626794258374,0.495065789473684
"516","brownde02",-0.6,-1,-1,0,-1,-0.750858778625954,-0.677661596958175,-1.10029041626331,-1.11085192697769,-0.280224719101123
"524","brownem01",-1,-1,0.2,2,0,-1.10029041626331,-1.11085192697769,-1.28022471910112,-0.214987080103359,1.71830357142857
"534","bruceja01",-1.1,0.8,0.6,2.9,-1,5.22233840304182,-1.20029041626331,0.689148073022313,0.319775280898877,2.48501291989664
"544","brumlmi02",-0.2,-0.4,-0.4,-1,-1,-0.280224719101123,-0.614987080103359,-0.681696428571429,-0.663035714285714,-1.32416267942584
"552","brunato01",2.5,0.8,1.7,1.4,-0.3,1.74914122137405,2.42233840304183,0.699709583736689,1.58914807302231,1.11977528089888
"566","brunter01",-1.2,-1,-1,-1,-1,-0.214987080103359,-1.48169642857143,-1.26303571428571,-1.32416267942584,-1.60493421052632
"573","buforda01",0.9,0.5,-0.4,-1,-1,1.08914807302231,0.619775280898877,0.0850129198966408,-0.681696428571429,-1.26303571428571
"582","bulloer01",-0.2,-0.1,-1,-1,-1,-0.414987080103359,-0.481696428571429,-0.363035714285714,-1.32416267942584,-1.60493421052632
"589","bumbral01",0.4,2.9,6.1,1,1.5,2.58501291989664,0.118303571428572,2.63696428571429,5.77583732057416,0.395065789473684
"603","burkeja02",0.4,0.1,-0.5,0,-1,-1.60493421052632,0.0975728155339806,-0.651388888888889,-1.09772727272727,-0.563265306122449
"611","burnije01",3.4,1.5,2.7,0,1.1,3.11977528089888,2.98501291989664,1.21830357142857,2.43696428571429,-0.324162679425837
"625","burrepa01",1.1,1.5,2.4,-0.8,1.8,3.48914807302231,0.819775280898877,1.08501291989664,2.11830357142857,-1.06303571428571
"637","burrose01",-1,-1,-1,-0.2,-0.2,-1.07766159695817,-1.10029041626331,-1.11085192697769,-1.28022471910112,-0.614987080103359
"644","butlebi03",1.5,-0.3,-0.9,0.1,-1,3.02233840304183,1.39970958373669,-0.410851926977688,-1.18022471910112,-0.314987080103359
"654","cabelen01",2.8,-0.3,-0.3,-1.4,-0.2,2.19970958373669,2.68914807302231,-0.580224719101123,-0.714987080103359,-1.68169642857143
"669","cairomi01",-0.1,0,1.3,-0.5,0.8,0.699709583736689,-0.210851926977688,-0.280224719101123,0.885012919896641,-0.781696428571429
"686","callaal01",3.4,0.2,-1.1,-0.8,-1,3.28914807302231,3.11977528089888,-0.214987080103359,-1.38169642857143,-1.06303571428571
"696","cantujo01",-1.6,-0.9,-1,-1,-1,0.699709583736689,-1.71085192697769,-1.18022471910112,-1.41498708010336,-1.28169642857143
"704","casanra01",-0.5,-1,-1,0,-1,0.0891480730223124,-0.780224719101123,-1.41498708010336,-1.28169642857143,-0.263035714285714
"713","casilal01",2,0.6,-0.2,-1,-1,1.42233840304183,1.89970958373669,0.489148073022312,-0.480224719101123,-1.41498708010336
"722","castial01",-0.2,-0.4,0,0.7,0.5,-0.514987080103359,-0.481696428571429,-0.663035714285714,-0.324162679425837,0.0950657894736842
"734","castivi02",3.1,5.6,0.7,-0.3,1.3,3.08914807302231,2.81977528089888,5.18501291989664,0.418303571428571,-0.563035714285714
"750","cedenro01",0.8,0.2,-0.7,-0.4,-1,0.549141221374046,0.722338403041825,0.0997095837366894,-0.810851926977687,-0.680224719101123
"761","chaveen01",0.6,0.8,0.2,-1,1,1.68914807302231,0.319775280898877,0.385012919896641,-0.0816964285714285,-1.26303571428571
"774","chaveer01",5.5,4.8,2.8,2.1,0.2,5.34914122137405,5.42233840304182,4.69970958373669,2.68914807302231,1.81977528089888
"791","choosh01",1.7,3.4,4.4,0.1,3.5,5.79970958373669,1.58914807302231,3.11977528089888,3.98501291989664,-0.181696428571429
"804","claytro01",2.7,1.9,3.6,-0.4,1.6,1.42233840304183,2.59970958373669,1.78914807302231,3.31977528089888,-0.814987080103359
"821","colemvi01",1,0.8,0.2,-1.6,0.3,2.98914807302231,0.719775280898877,0.385012919896641,-0.0816964285714285,-1.86303571428571
"834","collida02",2.2,-0.7,1.6,3.1,1.3,3.19970958373669,2.08914807302231,-0.980224719101123,1.18501291989664,2.81830357142857
"850","conceda01",4.4,2.8,3.7,4.9,1.7,3.79970958373669,4.28914807302231,2.51977528089888,3.28501291989664,4.61830357142857
"869","cordoma01",2.6,0.5,0.1,-1,-1,-1.71498708010336,2.31830357142857,0.236964285714286,-0.224162679425837,-1.60493421052632
"878","corpoca01",-0.5,-1,-1,-1,-1,0.185012919896641,-0.781696428571429,-1.26303571428571,-1.32416267942584,-1.60493421052632
"884","cottohe01",0.7,0.3,0.7,-0.5,-1,0.989148073022313,0.419775280898877,-0.114987080103359,0.418303571428571,-0.763035714285714
"894","cowenal01",0.4,0.5,2.8,-0.8,0.3,1.39970958373669,0.289148073022312,0.219775280898877,2.38501291989664,-1.08169642857143
"907","cromawa01",1.6,2.1,2.7,2.2,-1,1.74914122137405,1.52233840304183,1.99970958373669,2.58914807302231,1.91977528089888
"917","cubbami01",0.1,-0.1,-1,-1,-1,-0.410851926977688,-0.180224719101123,-0.514987080103359,-1.28169642857143,-1.26303571428571
"925","curtich01",2.4,0.8,0.3,0.3,-1,1.08914807302231,2.11977528089888,0.385012919896641,0.0183035714285715,0.0369642857142856
"935","custja01",3.3,2.7,1,2.2,0.2,-0.100290416263311,3.18914807302231,2.41977528089888,0.585012919896641,1.91830357142857
"945","danieka01",-1.1,-1,-1,-1,-1,0.899709583736689,-1.21085192697769,-1.28022471910112,-1.41498708010336,-1.28169642857143
"952","daubabr01",0.1,-0.1,-1,-1,-1,-0.0816964285714285,-0.163035714285714,-0.424162679425837,-1.60493421052632,-1.30242718446602
"960","davanje02",0.6,0.8,-0.3,-1,-1,1.28501291989664,0.318303571428571,0.536964285714286,-0.624162679425837,-1.60493421052632
"968","davisbo02",-0.9,-0.3,0,-1,-1,-0.577661596958175,-1.00029041626331,-0.410851926977688,-0.280224719101123,-1.41498708010336
"976","davisch02",1.8,5.2,3,-0.1,-1,6.39970958373669,1.68914807302231,4.91977528089888,2.58501291989664,-0.381696428571428
"986","daviser01",3.2,1.1,-0.4,0.7,-0.3,2.79970958373669,3.08914807302231,0.819775280898877,-0.814987080103359,0.418303571428571
"1003","davisru01",-0.6,-0.1,-1,-1,-1,-1.18022471910112,-1.01498708010336,-0.381696428571428,-1.26303571428571,-1.32416267942584
"1011","dawsoan01",7.9,6.8,2.9,2.1,2.3,7.32233840304183,7.79970958373669,6.68914807302231,2.61977528089888,1.68501291989664
"1032","decindo01",2.8,3.9,2.6,7.6,2.3,6.69970958373669,2.68914807302231,3.61977528089888,2.18501291989664,7.31830357142857
"1047","dejesda01",2.2,1.9,1.2,1.6,1.5,2.08914807302231,1.91977528089888,1.48501291989664,0.918303571428571,1.33696428571429
"1060","dentbu01",2.3,4,1.7,-0.6,0.3,2.62233840304183,2.19970958373669,3.88914807302231,1.41977528089888,-1.01498708010336
"1072","dernibo01",-0.5,0.8,0.4,-0.8,-1,0.489148073022312,-0.780224719101123,0.385012919896641,0.118303571428572,-1.06303571428571
"1082","diazbo01",2.2,-0.1,0.9,2.3,2.4,3.31977528089888,1.78501291989664,-0.381696428571428,0.636964285714286,1.97583732057416
"1095","diazma02",1.7,0.6,-0.9,-0.8,-0.1,-1.41498708010336,1.41830357142857,0.336964285714286,-1.22416267942584,-1.40493421052632
"1106","dillast01",0.3,-0.4,-1,-1,-1,-0.880224719101123,-0.114987080103359,-0.681696428571429,-1.26303571428571,-1.32416267942584
"1114","doylede01",-0.2,0.1,-1,-1,-1,2.01830357142857,-0.463035714285714,-0.224162679425837,-1.60493421052632,-1.30242718446602
"1122","driesda01",0.6,2.6,0.4,1.9,2.1,2.02233840304183,0.499709583736689,2.48914807302231,0.119775280898877,1.48501291989664
"1137","duncash01",-0.3,-1,-1,-1,-1,-0.763035714285714,-0.624162679425837,-1.60493421052632,-1.30242718446602,-1.75138888888889
"1144","durazer01",-0.3,-1,-1,-1,-1,2.88501291989664,-0.581696428571429,-1.26303571428571,-1.32416267942584,-1.60493421052632
"1151","easleda01",5.6,1.9,4,2.7,0.5,2.89970958373669,5.48914807302231,1.61977528089888,3.58501291989664,2.41830357142857
"1168","echevan01",0.6,-1,-1,-1,-1,-0.814987080103359,0.318303571428571,-1.26303571428571,-1.32416267942584,-1.60493421052632
"1175","eckstda01",0.8,0,0.9,1.4,-1,1.41830357142857,0.536964285714286,-0.324162679425837,0.295065789473684,1.09757281553398
"1185","erstada01",6.4,0.9,2.8,2.1,0,2.79970958373669,6.28914807302231,0.619775280898877,2.38501291989664,1.81830357142857
"1199","essiaji01",0.7,1.2,0,0.2,0.1,2.19970958373669,0.589148073022312,0.919775280898877,-0.414987080103359,-0.0816964285714285
"1211","finlest01",1.5,5.7,1.5,-0.1,4.9,2.31977528089888,1.08501291989664,5.41830357142857,1.23696428571429,-0.424162679425837
"1230","fischmi01",-0.3,-0.1,0.1,-0.6,0,1.52233840304183,-0.400290416263311,-0.210851926977688,-0.180224719101123,-1.01498708010336
"1240","foleyto02",1.3,-0.2,-0.3,-0.8,-0.1,1.38914807302231,1.01977528089888,-0.614987080103359,-0.581696428571429,-1.06303571428571
"1253","foxan01",0.3,-1.3,-1.1,-1,-1,-0.214987080103359,0.0183035714285715,-1.56303571428571,-1.42416267942584,-1.60493421052632
"1262","francje02",3.1,-2.5,-1.4,-0.2,-1.1,1.32233840304183,2.99970958373669,-2.61085192697769,-1.68022471910112,-0.614987080103359
"1274","francju01",2.2,5.3,6.8,6.2,-0.3,3.38914807302231,1.91977528089888,4.88501291989664,6.51830357142857,5.93696428571429
"1297","friaspe01",-0.9,-1.8,-0.2,-1,-1,-0.180224719101123,-1.31498708010336,-2.08169642857143,-0.463035714285714,-1.32416267942584
"1306","galaran01",-0.8,-0.3,3.5,2,1.1,1.21977528089888,-1.21498708010336,-0.581696428571429,3.23696428571429,1.67583732057416
"1325","gallemi01",4.1,1.4,4.5,2.4,-0.4,0.919775280898877,3.68501291989664,1.11830357142857,4.23696428571429,2.07583732057416
"1338","gantro01",6.5,-1,3.3,3.2,0.8,3.49970958373669,6.38914807302231,-1.28022471910112,2.88501291989664,2.91830357142857
"1354","garcika01",0.1,1.1,-0.2,-1.5,-1,-0.651638530287984,0.149141221374046,1.02233840304183,-0.300290416263311,-1.61085192697769
"1364","garcino01",6.8,6.1,1.3,0.2,2.5,0.299709583736689,6.68914807302231,5.81977528089888,0.885012919896641,-0.0816964285714285
"1378","gardnbr01",4,3.4,3.4,4.9,-1,4.11977528089888,3.58501291989664,3.11830357142857,3.13696428571429,4.57583732057416
"1388","germaes01",-0.9,0.2,-0.1,0.4,-1,1.21977528089888,-1.31498708010336,-0.0816964285714285,-0.363035714285714,0.0758373205741626
"1398","gibboja01",-1.1,-1,-1,-0.5,-0.1,0.119775280898877,-1.51498708010336,-1.28169642857143,-1.26303571428571,-0.824162679425837
"1407","gilbe01",-1,0.6,1.4,0.9,-0.7,-0.950858778625954,-1.07766159695817,0.499709583736689,1.28914807302231,0.619775280898877
"1415","gimench01",0.7,-0.6,0.7,-1,-1,-0.581696428571429,0.436964285714286,-0.924162679425837,0.0950657894736842,-1.30242718446602
"1424","glaustr01",1.3,3.4,4.3,3.3,4.4,1.22233840304183,1.19970958373669,3.28914807302231,4.01977528089888,2.88501291989664
"1437","goffje01",0,-1,-1,-1,-1,-0.381696428571428,-0.263035714285714,-1.32416267942584,-1.60493421052632,-1.30242718446602
"1443","gomesjo01",1,-0.9,0.5,1.9,1.1,-1.10029041626331,0.889148073022312,-1.18022471910112,0.0850129198966408,1.61830357142857
"1456","gomezch02",-0.3,-0.2,0.3,1.3,-0.8,1.59970958373669,-0.410851926977688,-0.480224719101123,-0.114987080103359,1.01830357142857
"1472","gonzaal01",0.7,1.9,0.1,1.1,-0.9,1.22233840304183,0.599709583736689,1.78914807302231,-0.180224719101123,0.685012919896641
"1485","gonzaju03",1.7,3.8,2.7,4.9,3.9,1.14836146971202,1.74914122137405,3.72233840304182,2.59970958373669,4.78914807302231
"1502","gonzawi01",0.4,-0.4,-1,-1,-1,-1.41498708010336,0.118303571428572,-0.663035714285714,-1.32416267942584,-1.60493421052632
"1509","goodwda01",-0.9,-0.3,-1,-1,-1,-0.777661596958175,-1.00029041626331,-0.410851926977688,-1.28022471910112,-1.41498708010336
"1516","goodwto01",0.7,3,0,1.9,-0.5,0.499709583736689,0.589148073022312,2.71977528089888,-0.414987080103359,1.61830357142857
"1530","greenda03",0.2,-1,-1,-1,-1,-0.950858778625954,0.122338403041825,-1.10029041626331,-1.11085192697769,-1.28022471910112
"1536","greenkh01",-0.8,-1,-1,-1,-1,-0.610851926977688,-1.08022471910112,-1.41498708010336,-1.28169642857143,-1.26303571428571
"1543","greggto01",-0.2,-1,-0.6,-1,-0.2,-0.110851926977688,-0.480224719101123,-1.41498708010336,-0.881696428571428,-1.26303571428571
"1552","griffke01",2.5,3.8,2.8,0.6,2.5,2.38914807302231,2.21977528089888,3.38501291989664,2.51830357142857,0.336964285714286
"1571","grissma02",1.2,4.4,1.9,0.9,0.1,4.99970958373669,1.08914807302231,4.11977528089888,1.48501291989664,0.618303571428572
"1588","grossgr01",1.4,0.3,0.1,0.7,0.3,0.149141221374046,1.32233840304183,0.199709583736689,-0.0108519269776876,0.419775280898877
"1605","grubbjo01",3.1,1,0.4,-0.3,0,0.489148073022312,2.81977528089888,0.585012919896641,0.118303571428572,-0.563035714285714
"1621","guzmacr01",-1.4,-1,1.2,4.6,1.6,1.32233840304183,-1.50029041626331,-1.11085192697769,0.919775280898877,4.18501291989664
"1632","gwynnto02",-0.2,-1,-1,-1,-1,2.08914807302231,-0.480224719101123,-1.41498708010336,-1.28169642857143,-1.26303571428571
"1640","hairssc01",1,0.4,1.7,-0.8,-0.6,1.71977528089888,0.585012919896641,0.118303571428572,1.43696428571429,-1.12416267942584
"1651","hammoje01",2.2,2.2,0.7,-0.6,0.2,1.19970958373669,2.08914807302231,1.91977528089888,0.285012919896641,-0.881696428571428
"1664","hatchbi01",2,-0.8,-2.8,1.9,-1,0.389148073022312,1.71977528089888,-1.21498708010336,-3.08169642857143,1.63696428571429
"1676","hawpebr01",-0.4,-0.4,-1,-0.3,-1,0.985012919896641,-0.681696428571429,-0.663035714285714,-1.32416267942584,-0.904934210526316
"1685","heepda01",0.5,0.7,-1,0.4,0.3,-0.177661596958175,0.399709583736689,0.589148073022312,-1.28022471910112,-0.0149870801033592
"1698","hemonsc01",-0.4,-1,-1,-1,-1,0.189148073022312,-0.680224719101123,-1.41498708010336,-1.28169642857143,-1.26303571428571
"1705","hendrge01",5.8,2.6,2.8,3.9,2.7,2.42233840304183,5.69970958373669,2.48914807302231,2.51977528089888,3.48501291989664
"1723","hernaca01",0,0.9,0.4,-1,0.1,-0.610851926977688,-0.280224719101123,0.485012919896641,0.118303571428572,-1.26303571428571
"1733","hidalri01",5.7,1.1,0.6,-1,-1,-0.100290416263311,5.58914807302231,0.819775280898877,0.185012919896641,-1.28169642857143
"1742","higgibo02",3.4,1.5,0.3,2.2,-0.4,5.01977528089888,2.98501291989664,1.21830357142857,0.0369642857142856,1.87583732057416
"1753","hollato01",1.4,1.3,0.1,1.2,-1,2.19970958373669,1.28914807302231,1.01977528089888,-0.314987080103359,0.918303571428571
"1765","howarda02",0.1,-0.1,-0.3,-1,-1,0.0197752808988765,-0.314987080103359,-0.381696428571428,-0.563035714285714,-1.32416267942584
"1774","howarth01",-0.5,0.5,-0.4,0.3,-0.8,0.0850129198966408,-0.781696428571429,0.236964285714286,-0.724162679425837,-0.304934210526316
"1785","hrbekke01",4,4.4,3.8,1.9,2.7,2.92233840304183,3.89970958373669,4.28914807302231,3.51977528089888,1.48501291989664
"1799","hubbagl01",2.8,3.3,1.1,3,2,2.84914122137405,2.72233840304182,3.19970958373669,0.989148073022313,2.71977528089888
"1811","hubbami01",0,-1,-1,-1,-1,-0.280224719101123,-0.414987080103359,-1.28169642857143,-1.26303571428571,-1.32416267942584
"1817","hudsoor01",2.1,4.1,2.8,0.7,0.2,4.01977528089888,1.68501291989664,3.81830357142857,2.53696428571429,0.375837320574163
"1828","huffau01",1,0.3,4.1,-1.8,5.7,0.789148073022312,0.719775280898877,-0.114987080103359,3.81830357142857,-2.06303571428571
"1841","huntebr01",-1,-0.2,0.7,-0.1,-1,0.689148073022313,-1.28022471910112,-0.614987080103359,0.418303571428571,-0.363035714285714
"1850","hunteto01",3.8,4.2,3.1,3.3,3.9,3.42233840304183,3.69970958373669,4.08914807302231,2.81977528089888,2.88501291989664
"1869","huskebu01",0.7,-0.3,-1,-1,-1,0.322338403041825,0.599709583736689,-0.410851926977688,-1.28022471910112,-1.41498708010336
"1876","incavpe01",1.6,3,-0.5,-1,0.8,-1.10029041626331,1.48914807302231,2.71977528089888,-0.914987080103359,-1.28169642857143
"1888","izturce01",-0.2,1.7,1.3,0.3,0.1,-0.0776615969581749,-0.300290416263311,1.58914807302231,1.01977528089888,-0.114987080103359
"1901","jacksbo01",-1,0.6,0.6,-1,-1,-0.0108519269776876,-1.28022471910112,0.185012919896641,0.318303571428571,-1.26303571428571
"1909","jacksco01",0.1,-1,-1,-1,-1,0.0891480730223124,-0.180224719101123,-1.41498708010336,-1.28169642857143,-1.26303571428571
"1916","jamesch02",-0.1,1.7,1.2,0.3,-1,-1.91085192697769,-0.380224719101123,1.28501291989664,0.918303571428571,0.0369642857142856
"1926","jeffegr01",5.1,1.9,1.3,1.5,1.1,2.34836146971202,5.14914122137405,1.82233840304183,1.19970958373669,1.38914807302231
"1940","johnsbr01",-1,0,-1,-1,-1,-0.481696428571429,-1.26303571428571,-0.324162679425837,-1.60493421052632,-1.30242718446602
"1948","johnsla03",6.1,1.6,3.7,7.2,1.7,3.68914807302231,5.81977528089888,1.18501291989664,3.41830357142857,6.93696428571429
"1962","johnsro07",-0.2,-1,-1,-1,-1,-0.480224719101123,-0.614987080103359,-1.28169642857143,-1.26303571428571,-1.32416267942584
"1969","johnsru01",-1,-1,-0.2,-1,-1,-0.680224719101123,-1.41498708010336,-1.28169642857143,-0.463035714285714,-1.32416267942584
"1976","jonesbo02",-1,0.6,-1,-0.2,-0.3,-1.28022471910112,-1.41498708010336,0.318303571428571,-1.26303571428571,-0.524162679425837
"1985","jonesja04",0.7,1.2,0.4,-1.9,-1,-0.380224719101123,0.285012919896641,0.918303571428571,0.136964285714286,-2.22416267942584
"1995","jordabr01",7,3.4,2,4.3,3,0.485012919896641,6.71830357142857,3.13696428571429,1.67583732057416,3.69506578947368
"2010","jordake01",-0.3,-1,-1,-1,-1,-1.61498708010336,-0.581696428571429,-1.26303571428571,-1.32416267942584,-1.60493421052632
"2017","josefe01",0.8,-0.4,-1,-1,-1,-0.710851926977688,0.519775280898877,-0.814987080103359,-1.28169642857143,-1.26303571428571
"2028","joycema01",1.2,-1,1.7,1.7,-1,0.989148073022313,0.919775280898877,-1.41498708010336,1.41830357142857,1.43696428571429
"2038","justida01",3.8,2.2,3.8,2.1,3.1,3.58914807302231,3.51977528089888,1.78501291989664,3.51830357142857,1.83696428571429
"2052","kempst01",1,0.7,0.1,0.1,-1,1.89970958373669,0.889148073022312,0.419775280898877,-0.314987080103359,-0.181696428571429
"2063","kennead01",3.9,0.9,-1.4,2.5,1.1,3.18914807302231,3.61977528089888,0.485012919896641,-1.68169642857143,2.23696428571429
"2077","kentje01",4.5,3.5,7.2,5.2,7,3.81977528089888,4.08501291989664,3.21830357142857,6.93696428571429,4.87583732057416
"2094","kinslia01",2.4,5,5.7,6,6.1,6.81977528089888,1.98501291989664,4.71830357142857,5.43696428571429,5.67583732057416
"2106","kittlro01",1.1,1.6,0.1,-0.1,-1,-0.0802247191011234,0.685012919896641,1.31830357142857,-0.163035714285714,-0.424162679425837
"2116","kleskry01",2.9,1.1,3.2,4.6,4.2,0.322338403041825,2.79970958373669,0.989148073022313,2.91977528089888,4.18501291989664
"2132","knighra01",2.4,1.3,3.1,3.1,-1.1,3.02233840304183,2.29970958373669,1.18914807302231,2.81977528089888,2.68501291989664
"2145","kommibr01",1.5,0.7,-0.3,-1,-1,-1.10029041626331,1.38914807302231,0.419775280898877,-0.714987080103359,-1.28169642857143
"2153","kottage01",0.2,-1,-1,-1,-1,0.185012919896641,-0.0816964285714285,-1.26303571428571,-1.32416267942584,-1.60493421052632
"2160","kuntzru01",-0.2,-1,-1,-1,-1,-0.380224719101123,-0.614987080103359,-1.28169642857143,-1.26303571428571,-1.32416267942584
"2167","lacocpe01",0.9,0.4,-1.3,-1,-1,0.949141221374046,0.822338403041825,0.299709583736689,-1.41085192697769,-1.28022471910112
"2176","lacyle01",1.8,0.3,4,1.4,1.1,-0.180224719101123,1.38501291989664,0.0183035714285715,3.73696428571429,1.07583732057416
"2192","landera01",-0.4,-0.7,-1,-1,-1,-0.480224719101123,-0.814987080103359,-0.981696428571428,-1.26303571428571,-1.32416267942584
"2200","landrti01",0.3,-0.1,-0.3,-1,-1,0.585012919896641,0.0183035714285715,-0.363035714285714,-0.624162679425837,-1.60493421052632
"2209","langery01",0.5,0.2,1.2,-0.6,-0.2,-1.60029041626331,0.389148073022312,-0.0802247191011234,0.785012919896641,-0.881696428571428
"2220","lansimi01",0,-1.4,0.1,-1,-1,-0.114987080103359,-0.281696428571429,-1.66303571428571,-0.224162679425837,-1.60493421052632
"2229","larkige01",-0.2,-1,-1,-1,-1,-0.480224719101123,-0.614987080103359,-1.28169642857143,-1.26303571428571,-1.32416267942584
"2236","lavalmi01",1.8,1.5,1.6,0.5,0.4,0.689148073022313,1.51977528089888,1.08501291989664,1.31830357142857,0.236964285714286
"2248","lawru01",0.1,1.1,0.5,-1,-1,3.12233840304183,-0.000290416263310653,0.989148073022313,0.219775280898877,-1.41498708010336
"2255","lawtoma02",2.5,1.3,1.2,1.3,-0.1,2.18914807302231,2.21977528089888,0.885012919896641,0.918303571428571,1.03696428571429
"2267","lawva01",1,0.5,2.2,-0.4,-1,3.68914807302231,0.719775280898877,0.0850129198966408,1.91830357142857,-0.663035714285714
"2278","leachri01",0.6,0.4,1.4,0.8,-1,-0.280224719101123,0.185012919896641,0.118303571428572,1.13696428571429,0.475837320574163
"2288","leiussc01",-0.6,-1,-0.8,-0.8,-1,0.119775280898877,-1.01498708010336,-1.28169642857143,-1.06303571428571,-1.12416267942584
"2297","lemkema01",0.7,1.4,1.2,1.2,0.1,1.99970958373669,0.589148073022312,1.11977528089888,0.785012919896641,0.918303571428571
"2308","lindjo01",-1,-0.3,-0.7,-1,-1,-1.91085192697769,-1.28022471910112,-0.714987080103359,-0.981696428571428,-1.26303571428571
"2317","longoev01",3.3,3.2,3.9,3.6,-1,6.09970958373669,3.18914807302231,2.91977528089888,3.48501291989664,3.31830357142857
"2327","lopesda01",4.9,4.7,1,0.7,1.3,4.33696428571429,4.57583732057416,4.09506578947368,0.697572815533981,-0.0513888888888888
"2343","lowrije01",0.8,1,-0.4,4,-1,1.71977528089888,0.385012919896641,0.718303571428571,-0.663035714285714,3.67583732057416
"2353","lugoju01",1,0.7,0.1,-0.4,-0.8,4.01977528089888,0.585012919896641,0.418303571428571,-0.163035714285714,-0.724162679425837
"2365","luzingr01",2.4,4.2,5.2,-1.3,0.4,3.34836146971202,2.44914122137405,4.12233840304182,5.09970958373669,-1.41085192697769
"2380","maciajo01",-0.4,-1,-1,-1,-1,-0.463035714285714,-0.724162679425837,-1.60493421052632,-1.30242718446602,-1.75138888888889
"2387","mackape01",0.2,1.1,-1.3,-1,-1,-0.177661596958175,0.0997095837366894,0.989148073022313,-1.58022471910112,-1.41498708010336
"2396","mackoro01",0.7,-0.6,-1,-1,-1,-0.0149870801033592,0.418303571428571,-0.863035714285714,-1.32416267942584,-1.60493421052632
"2404","maddoel01",-0.4,0.8,0.9,0,1.7,2.39970958373669,-0.510851926977688,0.519775280898877,0.485012919896641,-0.281696428571429
"2415","maddoga01",5.1,5,1.9,1.5,1.3,3.59970958373669,4.98914807302231,4.71977528089888,1.48501291989664,1.21830357142857
"2430","mageewe01",0.7,-1,-1,-1,-1,0.889148073022312,0.419775280898877,-1.41498708010336,-1.28169642857143,-1.26303571428571
"2437","maiermi01",-0.8,-1,-1,-1,-1,0.519775280898877,-1.21498708010336,-1.28169642857143,-1.26303571428571,-1.32416267942584
"2443","maldoca01",2.9,-0.3,0.8,3.4,1.4,1.64914122137405,2.82233840304183,-0.400290416263311,0.689148073022313,3.11977528089888
"2458","markani01",1.7,0.1,2,1.9,1.7,2.39970958373669,1.58914807302231,-0.180224719101123,1.58501291989664,1.61830357142857
"2470","marshmi02",0.4,2.4,0.6,0.1,-0.1,0.222338403041825,0.299709583736689,2.28914807302231,0.319775280898877,-0.314987080103359
"2481","martije01",-1.2,-0.9,1.7,-0.3,-0.7,-0.0149870801033592,-1.48169642857143,-1.16303571428571,1.37583732057416,-0.904934210526316
"2492","martisa01",-0.1,-1,-1,-0.1,-1,-0.380224719101123,-0.514987080103359,-1.28169642857143,-1.26303571428571,-0.424162679425837
"2500","martite01",-1,0.1,0.1,-0.5,-1,-0.700290416263311,-1.11085192697769,-0.180224719101123,-0.314987080103359,-0.781696428571429
"2509","martivi01",0.6,3.5,3.6,3.2,-1,4.18914807302231,0.319775280898877,3.08501291989664,3.31830357142857,2.93696428571429
"2524","masonji01",-0.3,-0.2,-0.4,-1,-1,0.649141221374046,-0.377661596958175,-0.300290416263311,-0.510851926977688,-1.28022471910112
"2533","matsuhi01",2.7,1.7,0.6,-1.3,-1,0.495065789473684,2.39757281553398,0.948611111111111,0.0022727272727272,-1.86326530612245
"2543","matsuka01",-0.8,-1,-1,-1,-1,0.0758373205741626,-1.40493421052632,-1.30242718446602,-1.75138888888889,-1.59772727272727
"2550","maybejo02",-0.5,-1,-1,-1,-1,-0.514987080103359,-0.781696428571429,-1.26303571428571,-1.32416267942584,-1.60493421052632
"2557","maybica01",-0.8,0.6,0.6,2,1.7,3.04914122137405,-0.877661596958175,0.499709583736689,0.489148073022312,1.71977528089888
"2568","mcbriba01",3.2,3.2,-0.3,0.6,-0.6,2.31977528089888,2.78501291989664,2.91830357142857,-0.563035714285714,0.275837320574163
"2579","mccanbr01",2.5,0.8,2.3,1.8,2.8,3.52233840304183,2.39970958373669,0.689148073022313,2.01977528089888,1.38501291989664
"2592","mcclell01",-0.4,-0.3,-1,-1,-1,0.0758373205741626,-1.00493421052632,-0.602427184466019,-1.75138888888889,-1.59772727272727
"2600","mcdonda02",1.1,0.3,0.2,0.2,-1,-0.714987080103359,0.818303571428572,0.0369642857142856,-0.124162679425837,-0.404934210526316
"2607","mcgehca01",1.1,-1.2,-0.3,-1,-1,-1.41498708010336,0.818303571428572,-1.46303571428571,-0.624162679425837,-1.60493421052632
"2615","mcgwima01",6.4,1.5,1.5,5.5,6.4,1.39970958373669,6.28914807302231,1.21977528089888,1.08501291989664,5.21830357142857
"2631","mclouna01",0,0.5,1.8,-0.7,-1,-2.81085192697769,-0.280224719101123,0.0850129198966408,1.51830357142857,-0.963035714285714
"2641","mcmilbi01",-1,0.7,-0.4,-1,-1,-0.580224719101123,-1.41498708010336,0.418303571428571,-0.663035714285714,-1.32416267942584
"2647","mendoma01",-0.6,1,-0.7,-1,-1,-1.71085192697769,-0.880224719101123,0.585012919896641,-0.981696428571428,-1.26303571428571
"2656","merulma01",-0.2,-1,-1,-1,-1,-0.410851926977688,-0.480224719101123,-1.41498708010336,-1.28169642857143,-1.26303571428571
"2662","mientdo01",-0.5,1.1,2.2,1.4,1.2,4.01977528089888,-0.914987080103359,0.818303571428572,1.93696428571429,1.07583732057416
"2674","mieskma01",0.7,-0.7,-1,-1,-1,-0.414987080103359,0.418303571428571,-0.963035714285714,-1.32416267942584,-1.60493421052632
"2682","millake01",2.8,1.1,0.4,1.3,0.5,0.818303571428572,2.53696428571429,0.775837320574163,-0.204934210526316,0.997572815533981
"2694","milleda02",0.3,1.4,0.7,0.9,-0.1,0.836964285714286,-0.0241626794258374,0.795065789473684,0.39757281553398,0.148611111111111
"2705","mitchke01",4,2.7,0.3,2.6,3.7,6.79970958373669,3.88914807302231,2.41977528089888,-0.114987080103359,2.31830357142857
"2718","moellch01",-0.5,-0.7,0,0.2,-0.1,-1.91498708010336,-0.781696428571429,-0.963035714285714,-0.324162679425837,-0.404934210526316
"2729","molinbo01",0.5,-0.3,-0.1,-1,-1,0.585012919896641,0.218303571428571,-0.563035714285714,-0.424162679425837,-1.60493421052632
"2737","molinya01",3.1,2.8,6.9,5.6,2.4,3.02233840304183,2.99970958373669,2.68914807302231,6.61977528089888,5.18501291989664
"2751","montgbo01",0,0.2,0.1,0.2,-1,-0.181696428571429,-0.263035714285714,-0.124162679425837,-0.504934210526316,-0.102427184466019
"2761","moranmi01",-0.2,2,3.8,-1.1,-1.2,2.21977528089888,-0.614987080103359,1.71830357142857,3.53696428571429,-1.42416267942584
"2772","morneju01",3.5,4.7,-1.1,1.2,1.9,4.09970958373669,3.38914807302231,4.41977528089888,-1.51498708010336,0.918303571428571
"2786","morrijo07",-0.3,-1,-1,-1,-1,-0.714987080103359,-0.581696428571429,-1.26303571428571,-1.32416267942584,-1.60493421052632
"2793","mosesjo01",1.3,-0.2,-1,-0.3,-0.1,-0.680224719101123,0.885012919896641,-0.481696428571429,-1.26303571428571,-0.624162679425837
"2804","motleda01",-0.3,-1,-1,-1,-1,-1.67766159695817,-0.400290416263311,-1.11085192697769,-1.28022471910112,-1.41498708010336
"2810","mullira01",2.8,2.4,3.2,1.9,2.5,0.122338403041825,2.69970958373669,2.28914807302231,2.91977528089888,1.48501291989664
"2826","murraed02",6.6,7.1,5.6,4.1,3.8,5.12233840304182,6.49970958373669,6.98914807302231,5.31977528089888,3.68501291989664
"2847","napolmi01",1.8,4,3.3,1.1,1,5.11977528089888,1.38501291989664,3.71830357142857,3.03696428571429,0.775837320574163
"2859","narroje01",0.1,0.1,-0.2,-1,-1,-0.0108519269776876,-0.180224719101123,-0.314987080103359,-0.481696428571429,-1.26303571428571
"2867","newmaal01",-0.7,1.1,-1,-1,-1,1.08501291989664,-0.981696428571428,0.836964285714286,-1.32416267942584,-1.60493421052632
"2875","newmaje01",-1.1,-0.3,-0.3,-1,-1,-0.263035714285714,-1.42416267942584,-0.904934210526316,-0.602427184466019,-1.75138888888889
"2884","nichore01",0.1,0.9,-1,-1,-1,-0.277661596958175,-0.000290416263310653,0.789148073022312,-1.28022471910112,-1.41498708010336
"2892","nicosst01",0.4,-0.3,-1,-1,-1,-0.800290416263311,0.289148073022312,-0.580224719101123,-1.41498708010336,-1.28169642857143
"2900","nilssda01",0.7,2.6,-1,-1,-1,1.79970958373669,0.589148073022312,2.31977528089888,-1.41498708010336,-1.28169642857143
"2908","nolanjo01",-0.7,-0.3,0.8,1,0.1,0.122338403041825,-0.800290416263311,-0.410851926977688,0.519775280898877,0.585012919896641
"2919","nunezab01",0,-0.6,2.3,-1.7,-0.8,1.02233840304183,-0.100290416263311,-0.710851926977688,2.01977528089888,-2.11498708010336
"2931","oglivbe01",1.8,4.1,3,6.5,0.4,1.89970958373669,1.68914807302231,3.81977528089888,2.58501291989664,6.21830357142857
"2947","oleartr01",3.1,1.1,-0.6,-0.2,-0.6,0.989148073022313,2.81977528089888,0.685012919896641,-0.881696428571428,-0.463035714285714
"2958","olerujo01",2.2,2.5,4.1,7.6,5.6,3.24914122137405,2.12233840304183,2.39970958373669,3.98914807302231,7.31977528089888
"2975","olivomi01",0.7,1.4,2.5,0.3,0.5,-0.710851926977688,0.419775280898877,0.985012919896641,2.21830357142857,0.0369642857142856
"2988","oquenjo01",5.4,0.9,2,0.1,0.4,2.54836146971202,5.44914122137405,0.822338403041825,1.89970958373669,-0.0108519269776876
"3000","ordazlu01",-1,-1,-1,-0.1,-1,-0.677661596958175,-1.10029041626331,-1.11085192697769,-1.28022471910112,-0.514987080103359
"3007","ordonma01",5.6,0.9,1.6,1.8,7.3,4.98914807302231,5.31977528089888,0.485012919896641,1.31830357142857,1.53696428571429
"3022","ordonre01",-0.5,0.7,-0.4,-1,-1,-0.514987080103359,-0.781696428571429,0.436964285714286,-0.724162679425837,-1.60493421052632
"3031","ortajo01",1.2,0.6,2.6,0.1,-0.1,0.622338403041825,1.09970958373669,0.489148073022312,2.31977528089888,-0.314987080103359
"3047","ozunapa01",-0.2,-0.8,-0.6,-1,-1,-0.0149870801033592,-0.481696428571429,-1.06303571428571,-0.924162679425837,-1.60493421052632
"3054","papist01",-0.3,0.1,-1,-1,-1,-0.410851926977688,-0.580224719101123,-0.314987080103359,-1.28169642857143,-1.26303571428571
"3060","parkeri01",0,-1,-1,-1,-1,-0.163035714285714,-0.324162679425837,-1.60493421052632,-1.30242718446602,-1.75138888888889
"3066","parrila02",4.7,2.8,3.8,3.1,0.4,4.92233840304182,4.59970958373669,2.68914807302231,3.51977528089888,2.68501291989664
"3085","patteco01",4.2,1.7,-0.1,-0.3,1.3,-1.05085877862595,4.12233840304182,1.59970958373669,-0.210851926977688,-0.580224719101123
"3097","paytoja01",1.9,2.1,2,-0.4,1.1,1.58501291989664,1.61830357142857,1.83696428571429,1.67583732057416,-1.00493421052632
"3109","penabr01",0.5,-0.4,0.4,-0.5,0.4,0.289148073022312,0.219775280898877,-0.814987080103359,0.118303571428572,-0.763035714285714
"3121","peraljh01",1,2.6,3.7,1.1,3.4,3.52233840304183,0.899709583736689,2.48914807302231,3.41977528089888,0.685012919896641
"3136","perezed02",0,-0.4,0.3,0.4,0,-0.363035714285714,-0.324162679425837,-1.00493421052632,-0.00242718446601947,-0.351388888888889
"3147","perkibr01",-0.5,-1,-1,-1,-1,-1.01085192697769,-0.780224719101123,-1.41498708010336,-1.28169642857143,-1.26303571428571
"3154","perryge01",-0.2,0.2,0.7,-0.4,0.9,0.0997095837366894,-0.310851926977688,-0.0802247191011234,0.285012919896641,-0.681696428571429
"3167","phelpke01",2.3,2.5,2.6,0.5,-1,0.185012919896641,2.01830357142857,2.23696428571429,2.27583732057416,-0.104934210526316
"3178","phillpa01",-0.1,-1,-1,-1,-1,-0.0630357142857144,-0.424162679425837,-1.60493421052632,-1.30242718446602,-1.75138888888889
"3185","phillto02",-0.3,2.5,4.7,5.2,5,1.78914807302231,-0.580224719101123,2.08501291989664,4.41830357142857,4.93696428571429
"3203","pierrju01",2,0.9,-0.1,1.2,0.3,0.299709583736689,1.88914807302231,0.619775280898877,-0.514987080103359,0.918303571428571
"3217","pradoma01",5.5,2.4,3.4,3.1,3.8,1.69970958373669,5.38914807302231,2.11977528089888,2.98501291989664,2.81830357142857
"3229","pridija01",0.1,-0.2,-1,-1,-1,-0.680224719101123,-0.314987080103359,-0.481696428571429,-1.26303571428571,-1.32416267942584
"3236","princto01",-1,0,0.1,0.3,0.8,-0.500290416263311,-1.11085192697769,-0.280224719101123,-0.314987080103359,0.0183035714285715
"3253","pryorgr01",0.6,-0.4,0.6,-0.6,-0.7,-0.481696428571429,0.336964285714286,-0.724162679425837,-0.00493421052631582,-0.902427184466019
"3263","pulliha01",0.1,-1,-1,-1,-1,-0.110851926977688,-0.180224719101123,-1.41498708010336,-1.28169642857143,-1.26303571428571
"3269","puntoni01",0.5,2.4,0.6,1.8,1.5,3.58914807302231,0.219775280898877,1.98501291989664,0.318303571428571,1.53696428571429
"3283","quinolu01",1.9,0.1,-0.3,-0.2,-1,0.122338403041825,1.79970958373669,-0.0108519269776876,-0.580224719101123,-0.614987080103359
"3291","raburry01",1.9,0.1,-1.9,2.1,-1.5,2.18914807302231,1.61977528089888,-0.314987080103359,-2.18169642857143,1.83696428571429
"3303","ramiral03",3.1,1,-2.3,-1,-1,2.51830357142857,2.83696428571429,0.675837320574163,-2.90493421052632,-1.30242718446602
"3312","ramirma02",7.3,4.8,5.2,6,5.4,5.12233840304182,7.19970958373669,4.68914807302231,4.91977528089888,5.58501291989664
"3331","ramirra01",0.1,-0.3,1.5,-1,-0.5,-0.300290416263311,-0.0108519269776876,-0.580224719101123,1.08501291989664,-1.28169642857143
"3344","randlle01",4.2,0.8,-0.5,1.4,0.6,-0.400290416263311,4.08914807302231,0.519775280898877,-0.914987080103359,1.11830357142857
"3356","rasmuco01",2.6,2.2,1.2,-1,-1,0.899709583736689,2.48914807302231,1.91977528089888,0.785012919896641,-1.28169642857143
"3365","rayfofl01",-1,-0.3,-1,-1,-1,2.79970958373669,-1.11085192697769,-0.580224719101123,-1.41498708010336,-1.28169642857143
"3372","rayjo01",1.3,2.5,1.3,0.7,-1,4.11977528089888,0.885012919896641,2.21830357142857,1.03696428571429,0.375837320574163
"3382","redusga01",1.5,2.2,1.4,0.3,0.1,1.98501291989664,1.21830357142857,1.93696428571429,1.07583732057416,-0.304934210526316
"3395","rileser01",0.4,0.1,-0.4,-1,-1,0.119775280898877,-0.0149870801033592,-0.181696428571429,-0.663035714285714,-1.32416267942584
"3404","rivaslu01",-1,-0.1,-0.6,-1,-1,-0.150858778625954,-1.07766159695817,-0.200290416263311,-0.710851926977688,-1.28022471910112
"3412","riverbo01",-1,-0.2,-1,-1,-1,-0.500290416263311,-1.11085192697769,-0.480224719101123,-1.41498708010336,-1.28169642857143
"3418","riverre01",-1,-0.2,-1,0.5,3.2,-0.950858778625954,-1.07766159695817,-0.300290416263311,-1.11085192697769,0.219775280898877
"3427","roberbi01",5,-0.2,1.7,0.4,0.4,2.09970958373669,4.88914807302231,-0.480224719101123,1.28501291989664,0.118303571428572
"3439","roberbr01",4.2,5.2,2.9,1.2,0.1,3.18914807302231,3.91977528089888,4.78501291989664,2.61830357142857,0.936964285714285
"3453","roberda06",-0.1,0.5,0.1,-0.1,-0.4,0.422338403041825,-0.200290416263311,0.389148073022312,-0.180224719101123,-0.514987080103359
"3463","roberle01",1.3,1.1,-1,0.5,0.1,3.78914807302231,1.01977528089888,0.685012919896641,-1.28169642857143,0.236964285714286
"3474","rodrihe02",1,3.1,-0.4,-0.2,-0.5,0.419775280898877,0.585012919896641,2.81830357142857,-0.663035714285714,-0.524162679425837
"3485","rodrilu01",0.2,-1,-1,-1,-1,-1.41498708010336,-0.0816964285714285,-1.26303571428571,-1.32416267942584,-1.60493421052632
"3491","rodrise01",0.2,-0.1,1.8,-0.4,-1,0.389148073022312,-0.0802247191011234,-0.514987080103359,1.51830357142857,-0.663035714285714
"3501","russejo02",-0.7,-0.4,-0.2,0.1,-1,-0.510851926977688,-0.980224719101123,-0.814987080103359,-0.481696428571429,-0.163035714285714
"3511","sadekmi01",-0.1,0.3,0.2,-1,-1,-0.563035714285714,-0.424162679425837,-0.304934210526316,-0.102427184466019,-1.75138888888889
"3519","salmoti01",3.7,2.3,4.4,1.2,4,4.88914807302231,3.41977528089888,1.88501291989664,4.11830357142857,0.936964285714285
"3533","sanchfr01",1.2,2,1.8,0.8,-1,2.41977528089888,0.785012919896641,1.71830357142857,1.53696428571429,0.475837320574163
"3543","sanchre01",0.3,1.9,3.5,2.3,3.4,0.289148073022312,0.0197752808988765,1.48501291989664,3.21830357142857,2.03696428571429
"3558","sandede02",1.3,-1,0.1,-1,-1,1.32233840304183,1.19970958373669,-1.11085192697769,-0.180224719101123,-1.41498708010336
"3567","sandopa01",3.4,-0.9,-0.2,-1.4,-1,2.22233840304182,3.29970958373669,-1.01085192697769,-0.480224719101123,-1.81498708010336
"3577","saxst01",0.8,2.1,4.4,1.4,4.1,4.72233840304182,0.699709583736689,1.98914807302231,4.11977528089888,0.985012919896641
"3591","schofdi02",2.5,2.5,0.8,2.3,0.4,3.74914122137405,2.42233840304183,2.39970958373669,0.689148073022313,2.01977528089888
"3605","scottto01",1.1,0.9,1.9,-0.1,-0.2,-0.877661596958175,0.999709583736689,0.789148073022312,1.61977528089888,-0.514987080103359
"3616","sheripa01",0.4,1.6,0.7,-1,-0.6,0.0891480730223124,0.119775280898877,1.18501291989664,0.418303571428571,-1.26303571428571
"3625","shiplcr01",-0.2,-1.1,1,-0.6,0.7,-0.210851926977688,-0.480224719101123,-1.51498708010336,0.718303571428571,-0.863035714285714
"3636","shumpte01",-0.1,-0.2,-0.1,2.4,0.5,-0.310851926977688,-0.380224719101123,-0.614987080103359,-0.381696428571428,2.13696428571429
"3650","singlke01",3.4,5.7,4.7,5.3,4,4.88914807302231,3.11977528089888,5.28501291989664,4.41830357142857,5.03696428571429
"3665","smithse01",0.3,4,1.9,0.5,0.3,1.51977528089888,-0.114987080103359,3.71830357142857,1.63696428571429,0.175837320574163
"3676","snowjt01",0.7,1.8,0.8,0.9,-0.4,2.61977528089888,0.285012919896641,1.51830357142857,0.536964285714286,0.575837320574163
"3692","snydeco02",1.2,-0.9,-1.1,-1,-1,-1.31085192697769,0.919775280898877,-1.31498708010336,-1.38169642857143,-1.26303571428571
"3701","sosasa01",5.3,5.4,2.5,6.4,4.8,3.84914122137405,5.22233840304182,5.29970958373669,2.38914807302231,6.11977528089888
"3719","spande01",3.7,0.8,1,-1.1,-1,2.01977528089888,3.28501291989664,0.518303571428572,0.736964285714286,-1.42416267942584
"3729","spehrti01",-0.1,0,0.6,-1,-1,-0.980224719101123,-0.514987080103359,-0.281696428571429,0.336964285714286,-1.32416267942584
"3737","spencsh01",0.4,-1,-1,-1,-1,0.318303571428571,0.136964285714286,-1.32416267942584,-1.60493421052632,-1.30242718446602
"3744","spilmha01",0.1,-0.8,0.9,-0.2,-0.2,-0.710851926977688,-0.180224719101123,-1.21498708010336,0.618303571428572,-0.463035714285714
"3756","spraged02",0.3,-0.3,0.2,-0.1,0.5,2.98914807302231,0.0197752808988765,-0.714987080103359,-0.0816964285714285,-0.363035714285714
"3767","stantle01",-1.6,3,-1.4,-1,-1,3.01977528089888,-2.01498708010336,2.71830357142857,-1.66303571428571,-1.32416267942584
"3776","staplda01",-0.9,-1,-1,-1,-1,-0.581696428571429,-1.16303571428571,-1.32416267942584,-1.60493421052632,-1.30242718446602
"3783","stearjo01",2.3,1.9,3.8,0,-0.1,1.39970958373669,2.18914807302231,1.61977528089888,3.38501291989664,-0.281696428571429
"3794","stegmda01",0.3,-1,-1,-1,-1,-0.580224719101123,-0.114987080103359,-1.28169642857143,-1.26303571428571,-1.32416267942584
"3800","steinte01",4,2.5,3.1,2.6,3.4,1.41977528089888,3.58501291989664,2.21830357142857,2.83696428571429,2.27583732057416
"3814","stewash01",3.9,3.5,3.1,1.8,0.4,4.92233840304182,3.79970958373669,3.38914807302231,2.81977528089888,1.38501291989664
"3828","stillku01",-2.1,-1,-1,-1,0.1,0.922338403041825,-2.20029041626331,-1.11085192697769,-1.28022471910112,-1.41498708010336
"3837","stoneje01",-0.6,0,-1,-1,-1,-1.30029041626331,-0.710851926977688,-0.280224719101123,-1.41498708010336,-1.28169642857143
"3845","stubbfr01",2.8,0.2,0.1,-1,-1,0.789148073022312,2.51977528089888,-0.214987080103359,-0.181696428571429,-1.26303571428571
"3855","stynech01",1.1,0,2.3,-0.3,-1,2.39970958373669,0.989148073022313,-0.280224719101123,1.88501291989664,-0.581696428571429
"3865","suttola01",-1,0,-1,-1,-1,-0.563035714285714,-1.32416267942584,-0.604934210526316,-1.30242718446602,-1.75138888888889
"3872","sweenry01",0.7,0.5,-0.1,-1,-1,0.0223384030418251,0.599709583736689,0.389148073022312,-0.380224719101123,-1.41498708010336
"3881","swishni01",3.7,2,3.8,3.6,-1.2,1.88914807302231,3.41977528089888,1.58501291989664,3.51830357142857,3.33696428571429
"3893","tagucso01",-0.2,-0.1,-1,-1,-1,-0.697727272727273,-0.763265306122449,-0.91,-1.23333333333333,-1.7
"3901","tarasto01",-0.5,-1,-1,0.7,-1,0.0997095837366894,-0.610851926977688,-1.28022471910112,-1.41498708010336,0.418303571428571
"3909","teagata01",-0.3,-0.2,-1,-1,-1,-0.680224719101123,-0.714987080103359,-0.481696428571429,-1.26303571428571,-1.32416267942584
"3917","templga01",2.6,1.4,0.7,3.2,-0.8,2.44914122137405,2.52233840304183,1.29970958373669,0.589148073022312,2.91977528089888
"3933","teufeti01",0.9,0.3,1,0.6,0.5,2.21977528089888,0.485012919896641,0.0183035714285715,0.736964285714286,0.275837320574163
"3944","thomeji01",5.5,3.3,4.5,4.7,5.6,7.54914122137405,5.42233840304182,3.19970958373669,4.38914807302231,4.41977528089888
"3966","thompmi02",0.7,3.7,2.1,1.1,0.1,3.78501291989664,0.418303571428571,3.43696428571429,1.77583732057416,0.495065789473684
"3979","thondi01",0.9,1.2,0.2,2.1,2.2,0.0223384030418251,0.799709583736689,1.08914807302231,-0.0802247191011234,1.68501291989664
"3994","tinglro01",-0.1,-0.1,0,0.4,0.7,-1.11085192697769,-0.380224719101123,-0.514987080103359,-0.281696428571429,0.136964285714286
"4003","torreru01",-0.5,0.7,0.4,-0.2,-1,0.799709583736689,-0.610851926977688,0.419775280898877,-0.0149870801033592,-0.481696428571429
"4012","treanma01",-0.4,0.4,-0.4,-1,-1,-0.824162679425837,-1.00493421052632,0.0975728155339806,-1.15138888888889,-1.59772727272727
"4021","trillma01",1.5,3.4,1.8,0.1,0.8,0.899709583736689,1.38914807302231,3.11977528089888,1.38501291989664,-0.181696428571429
"4038","upshawi01",2.6,2.2,1.9,1.6,0.3,4.62233840304182,2.49970958373669,2.08914807302231,1.61977528089888,1.18501291989664
"4048","uptonbj01",1.4,3,2.8,-1.6,-0.5,1.24836146971202,1.44914122137405,2.92233840304183,2.69970958373669,-1.71085192697769
"4060","valenjo03",2,0.1,4.9,3,3.3,1.29970958373669,1.88914807302231,-0.180224719101123,4.48501291989664,2.71830357142857
"4076","valleda01",0.7,0.3,1.4,3.4,-0.1,2.08914807302231,0.419775280898877,-0.114987080103359,1.11830357142857,3.13696428571429
"4089","varshga01",-0.3,0.1,-1,-1,-1,-0.763035714285714,-0.624162679425837,-0.504934210526316,-1.30242718446602,-1.75138888888889
"4097","velanjo01",0.2,-1,-1,-1,1,-1.10029041626331,0.0891480730223124,-1.28022471910112,-1.41498708010336,-1.28169642857143
"4105","veryzto01",0.1,-0.2,-1.1,-0.2,-0.4,0.849141221374046,0.0223384030418251,-0.300290416263311,-1.21085192697769,-0.480224719101123
"4117","vitiejo01",-1,-1,0.9,-1,-1,-0.514987080103359,-1.28169642857143,-1.26303571428571,0.575837320574163,-1.60493421052632
"4124","walbema01",-0.4,-0.3,0.1,-0.2,-1.2,0.0891480730223124,-0.680224719101123,-0.714987080103359,-0.181696428571429,-0.463035714285714
"4135","walkene01",2.4,2.4,1.5,-1,-1,3.38914807302231,2.11977528089888,1.98501291989664,1.21830357142857,-1.26303571428571
"4144","wardga01",1.1,2.8,-0.1,-0.7,0,4.18501291989664,0.818303571428572,2.53696428571429,-0.424162679425837,-1.30493421052632
"4156","washiul01",1.1,0.2,0.6,0.2,0,2.88914807302231,0.819775280898877,-0.214987080103359,0.318303571428571,-0.0630357142857144
"4167","wathajo01",2.1,-0.2,-0.9,0.7,-1,-0.681696428571429,1.83696428571429,-0.524162679425837,-1.50493421052632,0.39757281553398
"4177","webstmi01",1.2,3.4,-1,1.4,-1.1,2.01977528089888,0.785012919896641,3.11830357142857,-1.26303571428571,1.07583732057416
"4190","weisswa01",1.5,-0.7,1.7,0.8,1.9,-0.810851926977687,1.21977528089888,-1.11498708010336,1.41830357142857,0.536964285714286
"4204","wellsve01",3.2,6.2,1.4,2,0.9,4.54914122137405,3.12233840304183,6.09970958373669,1.28914807302231,1.71977528089888
"4219","whitalo01",6.7,4.3,4.5,4.4,3.6,5.44914122137405,6.62233840304182,4.19970958373669,4.38914807302231,4.11977528089888
"4238","whitfte01",0.7,-1,-1,-1,0.3,1.72233840304183,0.599709583736689,-1.11085192697769,-1.28022471910112,-1.41498708010336
"4248","widgech01",-1,0.2,0,-1,0.2,-0.280224719101123,-1.41498708010336,-0.0816964285714285,-0.263035714285714,-1.32416267942584
"4258","willied01",-1,-1,0.8,-0.3,-1.3,-1.07766159695817,-1.10029041626331,-1.11085192697769,0.519775280898877,-0.714987080103359
"4268","willige02",2.4,1.7,0.6,-0.3,-0.5,0.685012919896641,2.11830357142857,1.43696428571429,0.275837320574163,-0.904934210526316
"4282","wilsoda01",0.5,0,0.4,2.1,1.6,3.68914807302231,0.219775280898877,-0.414987080103359,0.118303571428572,1.83696428571429
"4296","winfida01",8.3,3.9,2.5,3.5,2.4,4.22233840304182,8.19970958373669,3.78914807302231,2.21977528089888,3.08501291989664
"4318","womacto01",0.5,0.2,1.4,0.4,-1.8,0.689148073022313,0.219775280898877,-0.214987080103359,1.11830357142857,0.136964285714286
"4331","worthcr01",-1,0.5,0.1,-1,-1,-1.11085192697769,-1.28022471910112,0.0850129198966408,-0.181696428571429,-1.26303571428571
"4338","wynegbu01",1.8,3.6,2.8,2.4,0,0.149141221374046,1.72233840304183,3.49970958373669,2.68914807302231,2.11977528089888
"4351","younger03",-0.3,-0.1,0.8,-1,-1,0.619775280898877,-0.714987080103359,-0.381696428571428,0.536964285714286,-1.32416267942584
"4360","youngjo02",-1.2,2.1,-0.2,0.9,0.8,1.21977528089888,-1.61498708010336,1.81830357142857,-0.463035714285714,0.575837320574163
"4374","yountro01",7.1,4.9,10.5,7.2,5.9,3.4549889135255,7.24836146971202,4.94914122137405,10.4223384030418,7.09970958373669
"4394","zimmery01",1.9,3.9,3.7,0.4,0.7,6.24914122137405,1.82233840304183,3.79970958373669,3.58914807302231,0.119775280898877
