preds0	preds1	preds2	preds3	preds4		Year0		ID	1	2	3	4	5	6	7	8	9	10
0.6501082523	0.3172925095	0.2998224635	0.0066122268	-0.0626720366		1984		stubbfr01	2.8	0.2	0.1	0	0	-0.2	0	0	0	0
0.2809518969	0.1747847874	-0.2750276594	0.0505341568	-0.0615607573		2002		germaes01	-0.9	0.2	-0.1	0.4	0	0	0	0	0	0
1.3732203125	1.2794643149	1.0040712296	0.7255729702	0.4669912069		1984		valleda01	0.7	0.3	1.4	3.4	-0.1	-0.2	0.9	0	0	0
1.1466270693	1.5452159906	1.104233264	0.9778584174	0.884004848		1984		lavalmi01	1.8	1.5	1.6	0.5	0.4	0.6	0	0	0	0
2.45573699	2.0182682854	1.781088788	0.9309312782	0.8440137749		2004		uptonbj01	1.4	3	2.8	-1.6	-0.5	1.6	1.4	0	0	0
1.5124635959	0.9315222784	1.0069436768	0.0907372363	0.2807016888		1991		goodwto01	0.7	3	0	1.9	-0.5	1	0.2	-0.7	0	0
1.6490449894	1.1511847444	1.1063822425	1.4855280654	1.4612452977		1973		dentbu01	2.3	4	1.7	-0.6	0.3	0	0	0	0	0
1.9459824282	2.12070972	1.7759055228	1.3979229817	1.1830547459		1985		gallemi01	4.1	1.4	4.5	2.4	-0.4	-0.5	-0.2	0	0	0
0.1784745304	-0.4281330359	-0.4518501102	-0.1314335027	-0.0626052607		1972		lacocpe01	0.9	0.4	-1.3	0	0	0	0	0	0	0
0.191643259	0.3817785161	0.1250912228	0.2162025115	0.2188874208		1978		anderji01	0	0	0	0	0	0	0	0	0	0
3.5644156852	2.699595294	1.2584074039	1.3336635018	1.5339281913		1995		stewash01	3.9	3.5	3.1	1.8	0.4	0.1	1.4	0	0	0
2.6274886404	2.8190297558	1.4888740943	1.1737535167	1.6191766113		1986		roberbi01	5	-0.2	1.7	0.4	0.4	1.9	1	0	0	0
-0.0006813172	-0.5814414226	0.1141934313	-0.0183951839	-0.0599361115		1995		garcika01	0.1	1.1	-0.2	-1.5	0	0	0	0	0	0
0.393283187	0.0984653399	0.2899760363	-0.203942513	-0.0596021873		1997		brownem01	0	0	0.2	2	0	0	-0.2	0	0	0
-0.1154526293	-0.1990202269	-0.1378468631	-0.1487905287	-0.063362806		1999		blumge01	-0.1	1.1	0.7	0.2	-0.4	0.2	0.1	-0.2	0	0
-0.2746986062	-0.0923408622	-0.3427619682	-0.2626229259	-0.0667144199		1998		bakopa01	-0.1	0.2	-0.4	-0.5	-0.8	0	0	0	0	0
2.6098778017	1.8710539007	2.268319085	1.3816828626	1.9598046846		1986		steinte01	4	2.5	3.1	2.6	3.4	0.6	1.4	1.2	0	0
-0.1307331103	-0.2300581538	-0.3906108129	-0.2427382184	-0.0679329442		1994		davisru01	-0.6	-0.1	0	0	0	0	0	0	0	0
1.0486785163	0.9529088219	0.8268276419	0.6312967866	-0.0495783686		1978		lawru01	0.1	1.1	0.5	0	0	0	0	0	0	0
0.0579902016	-0.0689686162	-0.1124961903	0.0410883302	-0.0600511489		1978		spilmha01	0.1	-0.8	0.9	-0.2	-0.2	0.2	0	0	0	0
-0.3112253049	-0.6395908515	-0.2548587002	-0.2074927272	-0.0617514051		1975		briggda01	-0.3	-0.5	0	0	0	0	0	0	0	0
0.495943582	0.1225205348	0.1214507114	0.265012331	-0.0613186468		1970		doylede01	-0.2	0.1	0	0	0	0	0	0	0	0
2.3690658023	2.2906110426	0.7328787443	1.1838130311	1.1170526215		1976		wynegbu01	1.8	3.6	2.8	2.4	0	0	0.5	0	0	0
-0.3614824696	-0.1237055527	0.1037124827	-0.1274862068	-0.0609590242		1995		martisa01	-0.1	0	0	-0.1	0	0	0	0	0	0
3.8947112541	2.9142243372	2.5286581078	2.6100131903	1.4709353817		1984		mitchke01	4	2.7	0.3	2.6	3.7	0	0.9	-0.5	-0.5	0
1.8542482456	1.7080786736	1.1845206993	1.7182293303	0.9895345202		1974		cromawa01	1.6	2.1	2.7	2.2	0	0	0	0	0	0
3.4209543899	3.5083036263	2.6920896854	1.8372961012	1.4979450167		1970		luzingr01	2.4	4.2	5.2	-1.3	0.4	2.7	2.4	2.3	-0.4	0
1.8529684667	1.4709140442	0.4203970618	0.5862812951	0.3013533379		1983		webstmi01	1.2	3.4	-1	1.4	-1.1	0.2	-0.3	0	0	0
0.6356992043	0.8929253427	0.3700023569	-0.1508758836	-0.0530955483		2003		greenkh01	-0.8	0	0	0	0	0	0	0	0	0
0.2469397593	-0.1362921145	-0.2471095948	-0.0706329427	-0.0610188033		1977		fischmi01	-0.3	-0.1	0.1	-0.6	0	0	0	0	0	0
0.3861399884	-0.6245669747	-0.116761506	0.2221021585	-0.0623551761		1991		huntebr01	0	-0.2	0.7	-0.1	0	0	0	0	0	0
4.7052310726	4.3629601628	3.9025212286	4.6401994448	5.0116015749		1986		mcgwima01	6.4	1.5	1.5	5.5	6.4	5.1	7.5	5.2	4.2	0.3
2.9137850405	2.9001262143	2.289937444	1.6783797399	1.4730972468		1992		easleda01	5.6	1.9	4	2.7	0.5	-1.3	0.5	0.9	0.2	1.5
2.1242116367	1.37892601	1.718428856	1.121215613	1.2063177952		2009		walkene01	2.4	2.4	1.5	0	0	0	0	0	0	0
1.1143733359	0.7666781485	0.4033685178	0.1394921944	-0.0637525992		2007		butlebi03	1.5	-0.3	-0.9	0.1	0	0	0	0	0	0
3.3239886347	3.4751972362	3.7651634328	3.8852251479	2.8796196393		1989		finlest01	1.5	5.7	1.5	-0.1	4.9	3.4	0.9	3.9	3.2	3.1
2.7768343161	2.9052241662	3.5230712655	1.4801672218	2.7776031252		1998		glaustr01	1.3	3.4	4.3	3.3	4.4	-0.2	0.2	0	0	0
1.0852371176	0.2933281715	0.4265927618	0.4963948054	0.2850483166		2006		callaal01	3.4	0.2	-1.1	-0.8	0	0	0	0	0	0
-0.2120500166	-0.1176693613	0.0325640925	-0.0253786581	-0.0615795488		1999		gonzawi01	0.4	-0.4	0	0	0	0	0	0	0	0
-0.0807572528	-0.1002059101	0.0165295645	0.2225787311	-0.0598143167		1989		merulma01	-0.2	0	0	0	0	0	0	0	0	0
1.3374837626	1.424981591	0.9767228422	1.1621672308	0.2696151573		1973		trillma01	1.5	3.4	1.8	0.1	0.8	0.6	1.2	0.3	0.5	0
0.2728401479	0.3334828669	0.3820157307	-0.0470498712	-0.0605831249		2008		kottage01	0.2	0	0	0	0	0	0	0	0	0
1.0034396372	1.3695230109	1.1259909272	0.979148943	0.3421622036		1980		phelpke01	2.3	2.5	2.6	0.5	-1	0	0	0	0	0
5.575792596	4.643354117	5.5189862258	6.5919490309	5.9904076811		1974		yountro01	7.1	4.9	10.5	7.2	5.9	1.9	2.9	3.3	5.7	5.8
0.0926812003	-0.0995885036	0.4151815296	-0.0021674872	-0.0616992407		2009		blankky01	0.4	0	0	0	0	0	0	0	0	0
0.455532782	1.2380679003	0.8129009358	0.1077343693	0.1027436436		1994		braggda01	-1	0	1.3	-1.5	0.5	0	0	0	0	0
0.2620072595	-0.0460014694	0.1770039237	0.0759507377	-0.062299454		1993		huskebu01	0.7	-0.3	0	0	0	0	0	0	0	0
-0.2011692464	-0.4234186173	0.0410366468	-0.2023599719	-0.062666817		1996		casanra01	-0.5	0	0	0	0	0.2	0.1	0	0	0
0.8501626738	1.1702207412	-0.8489808652	0.6670149263	1.3146160117		1973		grossgr01	1.4	0.3	0.1	0.7	0.3	1.3	-0.1	0	-0.1	-0.7
0.247449014	0.4504652079	0.1136638995	0.1436264919	0.0576029676		2004		riverre01	0	-0.2	0	0.5	3.2	-2	0.5	0.1	0	0
0.4518294747	0.3186370859	0.6433453526	0.1463093905	0.2213295617		1974		cubbami01	0.1	-0.1	0	0	0	0	0	0	0	0
-0.0448448682	-0.1550081569	-0.5052161817	-0.3007106304	-0.0618428802		1996		banksbr01	0.1	-0.3	0	0	0	0	0	0	0	0
-0.0696488105	-0.0345204189	-0.1887547769	-0.1339501001	-0.0623676722		1986		morrijo07	-0.3	0	0	0	0	0	0	0	0	0
0.5602214406	0.2548071037	0.5422732583	-0.0152924514	-0.06159397		2002		langery01	0.5	0.2	1.2	-0.6	-0.2	0	0	0	0	0
4.7438843226	3.5997716575	2.2748883397	2.1985124593	1.8316368123		2007		braunry02	2.1	1	3.8	4.4	1.2	0	0	0	0	0
1.8312447	2.1072870885	2.3034015202	1.5463702824	1.0013763652		1991		claytro01	2.7	1.9	3.6	-0.4	1.6	1.3	-1.3	1.1	0.1	-0.7
0.1892068279	-0.1499510941	-0.044574954	0.204180203	-0.0645289877		1984		hatchbi01	2	-0.8	-2.8	1.9	-1	-0.1	0	0	0	0
4.8106166805	4.3904823527	5.1992551785	5.181063325	4.2451559692		1973		winfida01	8.3	3.9	2.5	3.5	2.4	5.3	3.4	3.1	1.8	5.4
-0.7309212332	-1.350091427	-0.4657793591	-0.1333600359	-0.0690433338		1986		snydeco02	1.2	-0.9	-1.1	0	0	0	0	0	0	0
0.058838499	0.1683304349	-0.1525835858	0.1275766443	0.3245658357		1971		auerbri01	-0.4	1.2	0.1	0.3	-0.5	0	0	0	0	0
0.0614824676	-0.0429864692	-0.1654616109	0.1280754991	-0.0601846078		2005		penabr01	0.5	-0.4	0.4	-0.5	0.4	-0.2	0	0	0	0
2.4118107038	2.3777343751	0.757117821	1.237517088	1.0536364554		1987		jeffegr01	5.1	1.9	1.3	1.5	1.1	1.4	-1.4	0.2	0	0
1.8153931576	2.1875092775	1.0130680612	0.3716608203	0.2780983961		2009		rasmuco01	2.6	2.2	1.2	0	0	0	0	0	0	0
3.2511654262	3.2284325172	3.3547670685	2.187898681	1.696389568		2003		peraljh01	1	2.6	3.7	1.1	3.4	5.7	1.8	-0.5	-0.3	0
0.3271744735	0.4185514119	-0.0188931912	0.1057258631	-0.0479982669		2003		diazma02	1.7	0.6	-0.9	-0.8	-0.1	0	0	0	0	0
0.3180497399	0.1240591044	0.0191649656	0.0002016135	-0.0614771307		1985		newmaal01	-0.7	1.1	0	0	0	0	0	0	0	0
1.8232474667	1.3129527378	1.3444467167	0.1506887815	0.6870704617		2008		sandopa01	3.4	-0.9	-0.2	-1.4	0	0	0	0	0	0
0.2797432423	0.1235246321	0.3068985905	-0.0188866982	0.2595216789		1975		riverbo01	0	-0.2	0	0	0	0	0	0	0	0
0.0824551837	0.0964925514	0.0550133128	-0.0884512424	-0.0600030657		2009		gimench01	0.7	-0.6	0.7	0	0	0	0	0	0	0
-0.1334795577	-0.0180397454	-0.1044106464	-0.1414382262	-0.0618338529		1990		parkeri01	0	0	0	0	0	0	0	0	0	0
0.1246442522	-0.4379799107	-0.2598641363	-0.0713769249	-0.0648712323		1993		gomezch02	-0.3	-0.2	0.3	1.3	-0.8	1	-0.3	0.6	0.2	0.1
0.2137578856	1.221171975	0.7913867924	0.3044682889	0.2242243241		1999		ankieri01	0	0	1.2	2	0.4	0.5	1.7	-0.7	-0.5	0
2.790216136	0.3553311845	0.4465317159	0.8100255132	0.6260118136		2004		bartlja01	2.5	-0.1	-0.8	0	-0.2	0	0	0	0	0
1.3430587664	1.2386877428	1.4536717583	0.9646594434	0.7991862909		1973		ashbyal01	-1	0.6	2.2	0.7	0.3	0.5	1.6	0.4	2.4	0.7
3.2682001825	4.0898290809	2.7592128946	1.8404258948	0.3229673785		1984		daviser01	3.2	1.1	-0.4	0.7	-0.3	0	3.1	1.1	3.2	0.1
-0.2321783015	0.0498165036	-0.0486967286	-0.2301515963	-0.0612335092		1995		perezed02	0	-0.4	0.3	0.4	0	0	0	0	0	0
1.9553539434	2.6781835844	1.5893909371	0.6819001056	0.0375480288		2008		spande01	3.7	0.8	1	-1.1	0	0	0	0	0	0
2.1426893291	2.1249759603	1.8071413204	0.6938558697	1.1674475175		1973		mcbriba01	3.2	3.2	-0.3	0.6	-0.6	0	0	0	0	0
0.0193808059	-0.2962558201	0.0746610578	0.0273897659	-0.0605310328		1973		davisbo02	-0.9	-0.3	0	0	0	0	0	0	0	0
1.4199412695	1.4624175165	0.4707524807	0.6580058885	0.5018723608		2000		pierrju01	2	0.9	-0.1	1.2	0.3	-0.9	2	-0.1	0	0
0.230312899	0.1078772467	-0.0589711818	-0.0126392161	-0.0615352135		1971		torreru01	-0.5	0.7	0.4	-0.2	0	0	0	0	0	0
0.436473375	0.8246550959	0.6892869238	0.1278883911	0.3204267317		1973		scottto01	1.1	0.9	1.9	-0.1	-0.2	0.2	0	0	0	0
-0.3150354	-0.3303954184	-0.3529671391	-0.1481973206	-0.0645839738		1996		foxan01	0.3	-1.3	-1.1	0	0	0	0	0	0	0
0.2532402897	0.0388565513	0.02115331	0.0218171485	0.2864536259		1980		nichore01	0.1	0.9	0	0	0	0	0	0	0	0
0.0997994275	0.1126536647	0.039699567	0.0619542503	-0.0610380831		1995		castial01	-0.2	-0.4	0	0.7	0.5	0	-0.1	0	0	0
1.357153827	0.7161542153	0.5186872883	0.059345685	0.2407492342		2006		gwynnto02	-0.2	0	-1	0	0	0	0	0	0	0
-0.1902381609	0.1203708092	0.1605046303	0.0855749881	-0.0615366548		2004		phillpa01	-0.1	0	0	0	0	0	0	0	0	0
0.4560137091	0.6404212581	-0.2538963432	0.9882671089	0.5731151626		1975		bailobo01	0.4	1.9	1.6	0.7	0.7	0	0	0	0	0
4.7300342701	4.3715841797	5.7121644695	5.1246428628	3.6327140663		1992		kentje01	4.5	3.5	7.2	5.2	7	2.8	3.9	3.7	0.7	2.1
0.2242685225	-0.2196103208	0.0023152075	0.3466705056	0.0405629804		1981		motleda01	-0.3	0	0	0	0	0	0	0	0	0
-0.455475677	-0.0722333283	-0.3650437125	-0.1731840853	-0.0648917312		1987		mcclell01	-0.4	-0.3	0	0	0	0	0	0	0	0
0.7964850807	0.9481545249	1.2531286064	-0.0034456543	-0.0642032083		1999		jonesja04	0.7	1.2	0.4	-1.9	0	0	0	0	0	0
2.8271240815	3.7878418233	3.418601285	2.1032347666	1.4991830448		2008		gardnbr01	4	3.4	3.4	4.9	0	0	0	0	0	0
4.0043812398	4.0516996011	3.5351110271	3.0025984496	2.2094580461		1970		singlke01	3.4	5.7	4.7	5.3	4	1.2	0.6	1.9	-1.8	0
3.1025893892	2.5645192068	2.2338825605	2.6377601731	1.7288270185		1987		johnsla03	6.1	1.6	3.7	7.2	1.7	0	0.5	0	0	0
0.6186187302	0.1617805842	-0.2101622266	-0.0461409352	0.0443495461		1993		buforda01	0.9	0.5	-0.4	0	0	0	0	0	0	0
-0.3822246124	-0.6207360814	-0.3495948324	-0.1817620558	-0.0643128432		1995		jordake01	-0.3	0	0	0	0	0	0	0	0	0
0.0804943753	0.0960990478	0.2731305679	-0.0452340645	-0.0614920503		1970		montgbo01	0	0.2	0.1	0.2	0	0	0	0	0	0
1.3951107043	1.6827982268	1.4933206942	0.8454524282	0.5543793332		1974		cowenal01	0.4	0.5	2.8	-0.8	0.3	0.6	-1	0	0	0
3.1295761781	3.951604673	3.2381667109	1.8993558074	1.7216825826		1972		maddoga01	5.1	5	1.9	1.5	1.3	-0.5	1.2	-0.2	-0.1	0
0.528754363	0.308412149	0.5405364487	0.0990918592	-0.0632101851		2005		mclouna01	0	0.5	1.8	-0.7	0	0	0	0	0	0
0.4336753741	0.647625777	0.6358294943	0.210281045	-0.0601939752		1985		rileser01	0.4	0.1	-0.4	0	0	0	0	0	0	0
0.1001984813	0.1887854704	0.1824178814	0.5903670809	-0.0610898309		1982		tinglro01	-0.1	-0.1	0	0.4	0.7	-0.3	-0.7	0.8	0	0
0.878081765	-0.2344299138	-0.3549224366	-0.0267986518	-0.0688097445		1993		womacto01	0.5	0.2	1.4	0.4	-1.8	3.3	-2.2	0.3	0	0
-0.1141379964	-0.2181192403	-0.1847899788	-0.0451061212	-0.0630883187		1975		dillast01	0.3	-0.4	0	0	0	0	0	0	0	0
0.2234703365	-0.1655442187	-0.310803257	-0.2959641029	-0.0606244991		1996		echevan01	0.6	0	0	0	0	0	0	0	0	0
-0.2869716056	-0.4304965619	-0.2876735108	0.4055717648	-0.064078097		2009		maybejo02	-0.5	0	0	0	0	0	0	0	0	0
2.7946957753	2.7373103441	3.0671090432	1.4498936467	1.7822346177		1996		erstada01	6.4	0.9	2.8	2.1	0	0.6	0	-0.9	0	0
0.7924976574	-0.02193671	0.725511672	0.1318741763	-0.04814618		1998		anderma02	-0.9	0.7	1.5	0.7	-0.2	-0.1	0	0	0	0
-0.3998374699	-0.1291799596	0.1397406523	-0.1704142023	-0.061008184		2008		mcgehca01	1.1	-1.2	-0.3	0	0	0	0	0	0	0
0.9299970163	1.5951507153	0.9443853603	0.5109479252	0.6705813482		1998		millake01	2.8	1.1	0.4	1.3	0.5	-0.7	0	0	0	0
0.2297320955	0.1778479041	0.8193239145	-0.02581903	-0.0608401834		2003		gomesjo01	1	-0.9	0.5	1.9	1.1	-0.9	-0.7	0	0	0
0.300976635	0.5164227985	-0.4088523968	-0.1927022504	-0.0674950314		2004		matsuka01	-0.8	0	0	0	0	0	0	0	0	0
0.0466024829	-0.2645571469	0.0037705739	-0.2834346308	-0.0637357247		1994		johnsbr01	-1	0	0	0	0	0	0	0	0	0
-0.108648209	-0.5407226692	-0.403045279	-0.2161305714	-0.0648206937		1993		walbema01	-0.4	-0.3	0.1	-0.2	-1.2	0	0	0	0	0
3.5166685317	3.0597559104	3.7883870801	2.1734935195	2.5491448351		1987		gantro01	6.5	0	3.3	3.2	0.8	1.8	2.1	2.1	0.4	1.9
3.2812552146	3.251209679	3.2736896874	2.4020799523	2.6131233561		1981		hrbekke01	4	4.4	3.8	1.9	2.7	1.6	2.1	-0.2	0	0
3.0680182236	3.157678031	2.1756161524	1.9901966494	1.4589928757		2003		morneju01	3.5	4.7	-1.1	1.2	1.9	3.2	0.4	0.3	0	0
0.178088382	-0.5437755997	-0.0258837727	-0.0670666846	-0.0669362681		2004		cantujo01	-1.6	-0.9	0	0	0	0	0	0	0	0
-0.2340027592	-0.212546284	-0.0362919264	0.0013887082	-0.061516424		1974		papist01	-0.3	0.1	0	0	0	0	0	0	0	0
1.198254408	0.9837817795	0.7653400343	0.536321447	0.2410720455		1990		moranmi01	-0.2	2	3.8	-1.1	-1.2	0	0	0	0	0
0.0079340802	0.3583701526	0.0458273609	-0.0985157152	0.017051699		1997		johnsru01	0	0	-0.2	0	0	0	0	0	0	0
-0.1838616918	-0.2539464204	-0.1702740537	-0.1707709607	-0.0614949263		1995		vitiejo01	0	0	0.9	0	0	0	0	0	0	0
-0.1957223137	-0.3081857584	0.5089781825	0.3479854751	-0.0654711792		1980		ramirra01	0.1	-0.3	1.5	-1	-0.5	-1	-0.2	0	0	0
0.0140840741	0.0642821606	-0.1475629687	-0.0180828574	-0.0623871845		2003		brunter01	-1.2	0	0	0	0	0	0	0	0	0
0.5974877523	0.0056672691	0.2119767508	0.0948656205	-0.0621072038		1980		rayfofl01	-1	-0.3	0	0	0	0	0	0	0	0
0.9898407113	0.6772261549	0.3764834992	0.3456110434	0.2807053246		1989		sandede02	1.3	0	0.1	0	0	0	-1	0	0	0
0.3600442883	0.2752535291	-0.0792031063	0.2843105581	-0.066998048		1992		rodrihe02	1	3.1	-0.4	-0.2	-0.5	0	0	0	0	0
0.5439965658	0.3058075462	0.3587146147	0.0942023351	0.2658265282		2005		andinro01	2.3	0.2	-0.3	0	0	0.1	0	0	0	0
2.7787537826	1.4414051198	0.3376046604	1.3987312249	-0.0616605809		2008		davisch02	1.8	5.2	3	-0.1	0	0	0	0	0	0
0.0483432831	-0.1968250988	0.1079434124	-0.1479898611	-0.0625940174		2007		johnsro07	-0.2	0	0	0	0	0	0	0	0	0
1.4170650957	1.3671335403	1.2612660063	0.6257033417	-0.0169141357		2008		lowrije01	0.8	1	-0.4	4	0	0	0	0	0	0
0.2690374296	0.1729276358	0.3593668857	-0.1570872206	0.1839533693		1989		hemonsc01	-0.4	0	0	0	0	0	0	0	0	0
3.1891129382	3.0700327358	2.4720291054	3.0782943154	2.6833124535		2004		molinya01	3.1	2.8	6.9	5.6	2.4	1.4	3	2	0	0
0.2351603676	0.0902008176	0.0350261379	0.0569023305	-0.0646642704		2009		younger03	-0.3	-0.1	0.8	0	0	0	0	0	0	0
3.829155064	3.8017602655	4.1126040502	3.3602310684	2.7072533167		1977		parrila02	4.7	2.8	3.8	3.1	0.4	1.1	1.7	4.5	1.3	0.3
3.0555188167	2.1969006404	2.2452299951	0.5543015723	1.1705523812		1972		bumbral01	0.4	2.9	6.1	1	1.5	0.7	0.5	-0.1	0	0
-0.1189986511	-0.0970117357	-0.2360319158	-0.0337116021	-0.0625726767		2000		ozunapa01	-0.2	-0.8	-0.6	0	0	0	0	0	0	0
2.6744929674	1.8473338327	2.3146047488	1.6400135681	2.1002454863		1976		templga01	2.6	1.4	0.7	3.2	-0.8	1	1.8	0.5	-0.2	-1.3
0.3436274466	0.1374694947	0.1291210572	-0.0535418877	0.0640257986		2008		pridija01	0.1	-0.2	0	0	0	0	0	0	0	0
1.7011675657	0.0754601337	0.4221852019	0.9585889896	0.3708557472		1992		snowjt01	0.7	1.8	0.8	0.9	-0.4	2	3.3	0.5	-0.3	0
-0.3577499288	-0.1870278736	0.3440396555	0.012646062	0.0995253706		1986		stillku01	-2.1	-1	0	0	0.1	0	0	0	0	0
0.5603649244	0.4658460449	0.67380834	0.5345737254	0.3536947485		2001		izturce01	-0.2	1.7	1.3	0.3	0.1	-0.6	0.4	0	0	0
2.0681537174	1.7673954238	1.3631794577	1.4816422989	0.9670462083		1970		bowala01	1.4	3.2	5.7	1.5	0.7	1.8	-0.9	3	-1	0.1
0.2240708096	0.5401261769	0.2023427946	-0.0601910308	-0.0626060886		2001		mackoro01	0.7	-0.6	0	0	0	0	0	0	0	0
1.2796829064	0.1446045197	-0.1226105669	0.2908916115	-0.0637676611		1991		spraged02	0.3	-0.3	0.2	-0.1	0.5	0	0	0	0	0
-0.0508001772	0.4443817507	0.4044165052	0.4410405718	0.3066081054		2002		burrose01	0	0	0	-0.2	-0.2	0	0	0	0	0
0.256351721	-0.1682452854	-0.1155566342	-0.0719924039	-0.0604955819		1996		mageewe01	0.7	0	0	0	0	0	0	0	0	0
1.9314147118	2.4412206434	1.902368484	1.5656478576	0.9072226013		1977		mullira01	2.8	2.4	3.2	1.9	2.5	2.2	0.1	0.7	0	0
2.868940918	3.4712820251	3.8175511993	2.4726163968	1.7973285116		1992		valenjo03	2	0.1	4.9	3	3.3	4	1.8	-0.2	3.6	-0.1
0.1093339611	-0.6634928009	0.3368240531	-0.1724160581	-0.0693909986		2005		francje02	3.1	-2.5	-1.4	-0.2	-1.1	0.5	0	0	0	0
0.415170237	-0.249799363	0.198936143	-0.2082011724	-0.0637958632		2009		beckhgo01	0.7	-1.2	-0.2	0	0	0	0	0	0	0
0.427442599	-0.1098691836	-0.0351724707	-0.2392513994	-0.0654463687		1998		spencsh01	0.4	0	0	0	0	0	0	0	0	0
0.9750275856	0.5127826942	0.3285146016	0.1096688481	-0.0608523811		2004		raburry01	1.9	0.1	-1.9	2.1	-1.5	1.1	-0.6	0.1	0	0
0.2449613683	-0.0020483897	0.6167697818	0.039861319	-0.0610287389		1976		wathajo01	2.1	-0.2	-0.9	0.7	0	0	0	0	0	0
0.4566871195	0.466311546	0.6814757503	0.4046227947	-0.0419876291		1982		barrema02	0.7	0.4	-0.2	-0.1	0	0	0	0	0	0
-0.3869477718	-0.6063926364	-0.0011172737	-0.0895643571	-0.0622422073		1978		perkibr01	-0.5	0	0	0	0	0	0	0	0	0
2.2972685963	1.6397994444	1.2043130736	0.3605087125	0.5195317037		1995		lawtoma02	2.5	1.3	1.2	1.3	-0.1	-0.2	0	0	0	0
6.3365982975	6.5003964698	7.5751754495	6.1298646398	5.3586119628		1991		thomeji01	5.5	3.3	4.5	4.7	5.6	7.4	4.7	3.2	0.2	4.9
0.8110264235	0.5056123983	0.6058959321	-0.054015025	-0.0632652695		1992		willige02	2.4	1.7	0.6	-0.3	-0.5	-0.2	0	-0.3	0	0
3.3932527994	5.0809381891	3.7743380271	3.0447197663	2.9242634551		1989		gonzaju03	1.7	3.8	2.7	4.9	3.9	1.9	4.4	0.4	1.4	0.5
1.7298663352	1.1617946945	1.7709810395	1.2647639688	0.9380556119		1981		maldoca01	2.9	-0.3	0.8	3.4	1.4	2.5	-1.6	0	0.1	0
0.3518501781	-0.2731201287	-0.0669777972	-0.1054088701	-0.0601186694		1971		masonji01	-0.3	-0.2	-0.4	0	0	0	0	0	0	0
5.5341662988	4.6660259374	5.741343677	4.9834232111	5.0205303813		1976		dawsoan01	7.9	6.8	2.9	2.1	2.3	4	4.8	2	2.2	2.9
-0.1559060895	1.4696685158	-0.1527509571	-0.0415140944	-0.0600021507		1985		bulloer01	-0.2	-0.1	0	0	0	0	0	0	0	0
1.2740719396	1.0723460149	0.2241736347	0.2702476258	0.1830665054		2000		lugoju01	1	0.7	0.1	-0.4	-0.8	-0.1	0	0	0	0
-0.0158531267	-0.2582305295	-0.1871240335	-0.1571722878	-0.0637205575		1974		mendoma01	-0.6	1	-0.7	0	0	0	0	0	0	0
-0.1856940462	-0.3782133476	-0.109769012	0.0898275993	0.0430268883		2008		brignre01	-0.6	-0.2	-0.1	0	0	0	0	0	0	0
1.9023558326	2.3823944569	2.0917752425	1.5590229408	1.3247237		1972		lacyle01	1.8	0.3	4	1.4	1.1	2.2	3.1	1.6	1.4	0.1
0.2998003437	0.8737521168	0.5160640454	-0.1137795633	-0.0598302554		1998		daubabr01	0.1	-0.1	0	0	0	0	0	0	0	0
3.9411939199	3.6580274198	3.1498447273	1.3812345518	1.9713181006		1972		lopesda01	4.9	4.7	1	0.7	1.3	2.8	1.4	1.8	2.6	0.2
2.66918154	1.2022094883	2.1289563788	1.8510819206	0.7716142874		1981		saxst01	0.8	2.1	4.4	1.4	4.1	0.1	-0.3	0	0	0
-0.2686378198	-0.4173925635	-0.2512098617	-0.2109506385	-0.0612828581		1999		allench01	-0.3	0	0	0	0	0	0	0	0	0
3.1991855734	3.0576080629	3.1777500483	2.1323867034	1.9273416719		2002		martivi01	0.6	3.5	3.6	3.2	0	1.4	5.5	-1.6	1.6	-0.6
0.2351679915	0.2831113757	0.0560332937	0.0983824864	-0.0604904029		1990		hernaca01	0	0.9	0.4	0	0.1	0	0	0	0	0
2.9919976361	2.8344686028	1.4158780835	1.2317071758	0.9480034441		1989		grissma02	1.2	4.4	1.9	0.9	0.1	-0.8	-1	2.2	2.4	0.6
3.9792623874	3.3936855214	4.5234609887	4.3153680333	4.0935170266		1982		phillto02	-0.3	2.5	4.7	5.2	5	5.6	4.7	4.3	3.2	1.9
2.6746040907	1.7921556449	1.7369442108	1.253640371	1.2479858041		1983		schofdi02	2.5	2.5	0.8	2.3	0.4	0	0.2	0.2	0	0
0.6945972576	0.8416405279	0.6721727213	0.4886348719	0.4213730143		1992		curtich01	2.4	0.8	0.3	0.3	0	0	0	0	0	0
-0.0057183274	0.1571231375	-0.2549964473	0.4501339951	-0.0595999394		1978		stegmda01	0.3	0	0	0	0	0	0	0	0	0
2.8460044104	1.8639972557	0.6710323856	0.8515730525	0.8954343521		1995		higgibo02	3.4	1.5	0.3	2.2	-0.4	0	0	0	0	0
0.1807810931	-0.3337010547	-0.0714943158	-0.242626349	-0.0620177924		1992		ashlebi01	0.2	0	0	0	0	0	0	0	0	0
3.2084220863	1.6230775476	3.6273159831	2.4637449566	2.533708249		2005		zimmery01	1.9	3.9	3.7	0.4	0.7	-1.1	2.7	0	0	0
0.5422972805	0.564437402	0.2913400752	0.183123392	-0.0635461342		1993		oleartr01	3.1	1.1	-0.6	-0.2	-0.6	0	0	0	0	0
0.5347767806	-0.011183593	0.5841166293	-0.0174108027	0.1706566803		2005		jacksco01	0.1	0	0	0	0	0	0	0	0	0
0.7499373557	0.9733347198	0.6387384297	0.1711060179	0.015452759		1997		milleda02	0.3	1.4	0.7	0.9	-0.1	0	0	0	0	0
-0.157510913	-0.1960985676	-0.2209084993	-0.0939823064	-0.0646800357		1976		newmaje01	-1.1	-0.3	-0.3	0	0	0	0	0	0	0
-0.1925508301	-0.0793169018	0.1715777037	-0.0259229314	-0.0630761131		2005		rodrilu01	0.2	0	0	0	0	0	0	0	0	0
5.2046021241	3.6927627421	5.5191304621	5.0691679963	4.3506526169		1988		biggicr01	4.6	6.3	5.5	9.4	6.5	5.1	1.4	3.2	0.4	2.5
-0.0774690613	-0.154410357	0.0210346264	-0.110572516	-0.0597002575		2000		rivaslu01	0	-0.1	-0.6	0	0	0	0	0	0	0
0.1135127213	0.4819883579	0.7269951292	0.310423539	0.1595818013		1993		gilbe01	0	0.6	1.4	0.9	-0.7	0	0	0	0	0
11.2679646048	10.0142198321	11.2292413985	9.7398182442	11.8264248273		1986		bondsba01	9	9.9	6.2	7.5	9.6	8.2	8.1	3.8	7.7	11.9
-0.129024046	1.6111960734	0.9981347282	0.3496920835	-0.0728257471		1985		colemvi01	1	0.8	0.2	-1.6	0.3	-0.2	-0.3	0	0	0
-0.0316536628	-0.1679598346	-0.1311674597	-0.0901119045	-0.062138898		1987		larkige01	-0.2	0	0	0	0	0	0	0	0	0
5.6322349929	5.4240976072	6.265911998	5.5585509347	5.0171080969		1993		ramirma02	7.3	4.8	5.2	6	5.4	4.1	4.4	4.5	1.1	6
1.3046743531	1.3793403357	0.5322660905	0.0826881714	0.6424620221		1993		beckeri01	1.4	0.8	0	0	0	0	0	0	0	0
-0.2163204361	-0.0860350273	0.0352022705	-0.09595215	-0.0624331254		2004		treanma01	-0.4	0.4	-0.4	0	0	0	0	0	0	0
-0.1274665199	-0.2886396226	-0.1640934556	-0.2868323682	-0.0656067751		2007		duncash01	-0.3	0	0	0	0	0	0	0	0	0
-0.2424648775	-0.276915759	-0.4650473195	-0.0988157719	-0.0598288669		1997		ordazlu01	0	0	0	-0.1	0	0	0	0	0	0
2.4738268838	2.2147521665	1.8696987029	1.6024390135	2.1842259019		1979		thondi01	0.9	1.2	0.2	2.1	2.2	1.6	0.9	1.4	0.2	0
3.10191254	3.097799692	3.6027300311	1.9118509526	1.1918662049		1985		galaran01	-0.8	-0.3	3.5	2	1.1	4.2	3.8	5	0	1.1
0.5637950202	0.5268967268	0.4701970848	0.3638329293	0.5659682038		2006		casilal01	2	0.6	-0.2	0	0	0	0	0	0	0
0.350190001	0.8627111109	0.6923009988	-0.2063395591	-0.0683714965		1993		lansimi01	0	-1.4	0.1	0	0	0	0	0	0	0
0.1232572627	-0.2672592449	-0.3508311626	-0.0720384252	-0.0670210181		2004		hawpebr01	-0.4	-0.4	0	-0.3	0	0	0	0	0	0
0.6813080136	-0.0439396381	1.2877509184	0.227088224	0.7806050488		1994		gonzaal01	0.7	1.9	0.1	1.1	-0.9	1.6	-0.5	0	0	0
0.9181816019	0.7649464682	0.7560726671	0.5920291469	-0.0400567476		1982		brockgr01	0.5	0.8	0.4	0.6	0	0	0	0	0	0
0.2785424446	0.3937490022	0.3289369444	-0.1094207866	-0.0613108894		1986		jamesch02	-0.1	1.7	1.2	0.3	0	0	0	0	0	0
1.1136808575	1.1932623246	1.1673614798	0.2810567838	-0.0325743033		2000		patteco01	4.2	1.7	-0.1	-0.3	1.3	-0.9	0	0	0	0
1.4449101695	0.0514064646	0.6640026949	0.8547568424	0.7858639867		1974		roberle01	1.3	1.1	-1	0.5	0.1	0	0	0	0	0
5.05908037	5.3087450515	4.3361377541	3.5815563218	3.2074609036		2006		kinslia01	2.4	5	5.7	6	6.1	2.1	0	0	0	0
1.8686486237	1.5119094324	0.9867227076	0.9471680817	0.5414043065		1992		wilsoda01	0.5	0	0.4	2.1	1.6	0.2	0.1	-0.3	0	0
-0.2040984045	0.323702187	0.04599324	0.1382845793	-0.0620472681		1993		tarasto01	-0.5	0	0	0.7	0	0	0	0	0	0
2.4889396116	2.2292015721	0.1474240777	0.8795001635	0.355298823		1979		wardga01	1.1	2.8	-0.1	-0.7	0	-0.7	0	0	0	0
3.6967807939	3.5787537175	4.2813374951	2.6277233144	2.5624444865		1970		conceda01	4.4	2.8	3.7	4.9	1.7	3.7	3.7	0.6	-1.2	0.1
0.969970086	0.9802711779	1.5538725945	0.6315028107	0.8032993256		1972		ortajo01	1.2	0.6	2.6	0.1	-0.1	-0.5	1.7	-0.3	0.2	-0.3
1.0443334921	1.0534215854	0.5489325889	0.355291781	0.0176135338		1992		nilssda01	0.7	2.6	0	0	0	0	0	0	0	0
-0.4575769386	-0.6370710659	-0.6006966591	-0.2761383543	-0.0624006069		1973		friaspe01	-0.9	-1.8	-0.2	0	0	0	0	0	0	0
2.1885728664	0.8411672666	2.2682714293	1.3501465326	1.3135744358		2003		dejesda01	2.2	1.9	1.2	1.6	1.5	0.7	-0.1	0	0	0
0.0921540203	0.2727328788	0.2063209044	0.1031699973	-0.0612567977		1991		howarda02	0.1	-0.1	-0.3	0	0	0	0	0	0	0
-0.0378078426	0.7044397398	0.3954313265	0.197405528	0.4431531823		1983		kommibr01	1.5	0.7	-0.3	0	0	0	0	0	0	0
1.0513917191	0.4274205236	0.4662264261	0.24224589	-0.0626897639		1970		stantle01	-1.6	3	-1.4	0	0	0	0	0	0	0
3.7464543615	3.6177579823	3.4408746676	2.7289231047	2.5301280675		1998		chaveer01	5.5	4.8	2.8	2.1	0.2	-0.5	-0.2	0.4	1.6	0.1
0.6815929965	0.6116998816	0.4493268057	-0.0935979296	0.0487536488		1999		davanje02	0.6	0.8	-0.3	0	0	0	0	0	0	0
1.8808522691	0.2713296586	-0.0235143397	0.8282148224	0.5794348638		1998		mientdo01	-0.5	1.1	2.2	1.4	1.2	0	0	0	0	0
-0.0194495944	0.3296574224	0.3025676095	0.0549879975	-0.062332111		2001		burkeja02	0.4	0.1	-0.5	0	0	0	0	0	0	0
3.3392911508	2.6537230178	1.3002466498	1.6530901731	0.5874274134		2006		napolmi01	1.8	4	3.3	1.1	1	-0.4	0	0	0	0
0.2728405385	0.153437686	0.5973402166	0.3392832904	-0.0595391538		1982		kittlro01	1.1	1.6	0.1	-0.1	0	0	0	0	0	0
2.4009481162	2.1056301602	2.1512050917	1.6076538951	1.4264804764		1974		stearjo01	2.3	1.9	3.8	0	-0.1	0	0	0	0	0
0.9894557795	1.4252227075	1.1544024061	0.5854467132	1.1548887955		2001		custja01	3.3	2.7	1	2.2	0.2	0	0	0	0	0
-0.1773593891	-0.1146423062	0.2204018462	-0.2476051812	-0.0624779215		2008		teagata01	-0.3	-0.2	0	0	0	0	0	0	0	0
-0.1109678283	-0.7212802707	-0.4663851884	0.1264220949	-0.0638226867		1973		veryzto01	0.1	-0.2	-1.1	-0.2	-0.4	-1	0	0	0	0
0.8723628433	1.0161360179	0.8459657427	1.0808202252	0.42542316		1989		benjami01	0.4	0.7	0.2	2	1.4	1	0	-1.2	0	0
-0.0282407517	0.0848232013	0.0068862179	0.1296630681	-0.0622132819		1993		bogarti01	0.5	-1.3	0.3	0	0	0	0	0	0	0
2.8509150233	3.4943699198	2.8508613048	2.7709813727	1.5716313339		1992		kleskry01	2.9	1.1	3.2	4.6	4.2	0.8	1.2	1.7	0.2	0.3
4.8054962138	3.9653975508	6.4703780788	5.3788799165	4.6685252556		1989		sosasa01	5.3	5.4	2.5	6.4	4.8	5.7	10.3	5.7	2.7	1.3
0.1716417658	0.1975217408	0.3729877579	0.2510904283	0.2021353849		1987		princto01	-1	0	0.1	0.3	0.8	0.2	-0.1	0	0.7	0.8
3.979095732	4.3700839172	5.2133689853	4.5303391751	4.5777508979		1989		olerujo01	2.2	2.5	4.1	7.6	5.6	3.6	5.2	5.1	2.7	1.1
2.0287476985	1.5519469756	0.8583098063	1.4308456048	0.3562410917		1978		upshawi01	2.6	2.2	1.9	1.6	0.3	0	0	0	0	0
2.4127656914	3.5040862661	2.216581434	2.4860489596	3.5836215697		1996		garcino01	6.8	6.1	1.3	0.2	2.5	-1.6	0.8	-0.2	0	0
-0.0577881694	-0.1362144447	0.3496330815	-0.3447468318	-0.0665452475		1980		staplda01	-0.9	0	0	0	0	0	0	0	0	0
-0.6478218933	-0.0562019118	0.0557700349	-0.171943827	-0.0609022352		1990		goffje01	0	0	0	0	0	0	0	0	0	0
-0.4482182616	-0.657424901	0.2685971003	-0.0507570296	-0.0653875447		1988		bordepa01	-0.3	-0.4	0.1	0.3	-0.4	-0.3	0	0.1	0.1	-0.2
3.5155419026	3.49550979	3.9460149608	4.3125168416	3.1009120016		1982		francju01	2.2	5.3	6.8	6.2	-0.3	2.2	3	0	3	1
1.6916710803	1.9433706542	1.1300950672	1.0964663108	0.5430676171		2002		sanchfr01	1.2	2	1.8	0.8	0	0	0	0	0	0
0.0826977991	-0.3344689859	-0.3744007018	0.218763821	-0.0626024227		1986		incavpe01	1.6	3	-0.5	0	0.8	-0.5	-0.6	0	0	0
-0.3497165214	-0.4685601807	-0.4362939086	0.0325710005	-0.0624512673		1970		martite01	0	0.1	0.1	-0.5	0	0	0	0	0	0
0.4889705968	0.8482764647	0.5167393473	0.1730414873	-0.0638498799		1980		dernibo01	-0.5	0.8	0.4	-0.8	0	0	0	0	0	0
0.8844592541	1.1462383739	0.1639926336	0.4191431781	-0.0291518771		2003		matsuhi01	2.7	1.7	0.6	-1.3	0	0	0	0	0	0
1.2270888601	2.2029994067	0.6930334034	0.53188526	0.3923617468		1982		redusga01	1.5	2.2	1.4	0.3	0.1	1.2	-0.2	0	0	0
-0.3332941302	-0.8496589843	-0.5981346487	-0.208985783	-0.0642624921		1982		mosesjo01	1.3	-0.2	-1	-0.3	-0.1	0	0	0	0	0
0.0887499986	0.0423246449	0.3736812453	-0.1325376459	0.194378272		1990		shumpte01	-0.1	-0.2	-0.1	2.4	0.5	0.3	-1	-0.1	0	0
0.9531176378	0.4068241106	0.3980176457	0.312244399	0.2759254714		1974		whitfte01	0.7	0	0	0	0.3	0.3	-0.2	0	0	0
2.3067233889	1.8355494228	0.7600613851	0.74135677	0.2634312143		1984		thompmi02	0.7	3.7	2.1	1.1	0.1	-0.2	-1.1	0	0	0
4.1949303868	3.842113136	4.6718927779	4.2705680832	3.1318492188		1973		decindo01	2.8	3.9	2.6	7.6	2.3	3.3	1.9	2.5	1.3	0
2.9084295797	3.3206571472	3.256715958	2.1562232163	2.5273169793		1992		jordabr01	7	3.4	2	4.3	3	1.3	-0.7	-0.1	-0.4	0
0.1842064197	0.0372554127	-0.7990561468	-0.1210871444	-0.0606063136		1984		bailema01	0	0	0	0	0	0	0	0	0	0
1.6066741678	1.2061535032	0.844902882	0.7848266968	0.2666028224		1980		lawva01	1	0.5	2.2	-0.4	0	0.1	0	0	0	0
-0.1674756712	-0.1970272534	-0.1605063669	0.1585621665	-0.0612850398		1995		hubbami01	0	0	0	0	0	0	0	0	0	0
0.0443537623	-0.0930091153	-0.1038580285	-0.0822563899	-0.0601852245		1986		willied01	0	0	0.8	-0.3	-1.3	-0.4	-0.4	0	0	0
-0.0072562788	-0.1395996485	-0.1242140524	-0.0426298467	-0.0610215753		1979		kuntzru01	-0.2	0	0	0	0	0	0	0	0	0
2.5003294552	3.1219201166	2.9163686264	2.329777373	2.0293951061		2006		pradoma01	5.5	2.4	3.4	3.1	3.8	0.1	0	0	0	0
2.3274800101	2.6866738235	1.856732276	2.2052187538	0.6244559413		1991		castivi02	3.1	5.6	0.7	-0.3	1.3	-1	1.8	3.1	0.8	-1.1
0.2204749631	0.2505492606	0.5805682711	0.1841615247	0.0894440681		1981		leachri01	0.6	0.4	1.4	0.8	0	0	0	0	0	0
0.187688761	-0.5447512977	-0.4103223352	-0.1776159076	-0.0632569538		2001		gibboja01	-1.1	0	0	-0.5	-0.1	0	0	0	0	0
0.2895030492	0.4067633989	0.2406796678	0.2505570625	0.1156185701		1972		nolanjo01	-0.7	-0.3	0.8	1	0.1	0.9	0.4	-0.4	0	0
-0.358369502	-0.1759077239	-0.211612053	-0.0866487052	-0.06174728		1987		brumlmi02	-0.2	-0.4	-0.4	0	0	0	0	0	0	0
2.9311738046	3.582612906	2.9315292883	2.2009183965	1.7586447917		1973		griffke01	2.5	3.8	2.8	0.6	2.5	0.5	2.1	2.2	1.4	-1.3
1.7448473809	1.2999045086	0.6179174015	0.3488903837	0.0540328745		2000		burrepa01	1.1	1.5	2.4	-0.8	1.8	1	0	0	0	0
-0.2654678767	-0.1671307013	0.3434416967	0.0348543001	-0.0242558441		1977		landera01	-0.4	-0.7	0	0	0	0	0	0	0	0
0.4421191254	0.0877393282	-0.0544316562	-0.1313751547	-0.0649694757		1974		martije01	-1.2	-0.9	1.7	-0.3	-0.7	0	0	0	0	0
4.8187353167	3.7323086676	3.8184568944	5.6583101136	5.0384203875		1972		bellbu01	4.4	6.9	6.5	6.2	5.7	4.7	6.1	0.9	3.5	1.8
1.3830403817	1.411452341	-0.1893611895	1.242745475	0.8412232854		1973		essiaji01	0.7	1.2	0	0.2	0.1	1.6	0	0	0	0
0.672813174	0.4421673801	1.6298336104	0.8719376015	0.4794249461		1999		guzmacr01	-1.4	0	1.2	4.6	1.6	-1	0	0	0	0
0.1990488107	0.364429939	-0.1798898177	-0.1689182157	-0.0704792756		1987		lindjo01	-1	-0.3	-0.7	0	0	0	0	0	0	0
2.8806345699	2.5974432908	3.3528170597	2.5141985938	2.0300711863		1971		oglivbe01	1.8	4.1	3	6.5	0.4	3.4	2.6	0	0.8	0.5
1.6825000783	2.3764469761	0.3477864502	0.8071834744	1.1070344988		1987		weisswa01	1.5	-0.7	1.7	0.8	1.9	2.8	-0.2	1.2	0	0
2.7702132567	3.9595889363	2.6236343743	2.1582443557	1.6193058342		2001		roberbr01	4.2	5.2	2.9	1.2	0.1	-1.1	0.8	1.5	0	0
0.3751864276	0.9467123639	0.6543058993	0.2571853444	-0.0618430142		1986		danieka01	-1.1	0	0	0	0	0	0	0	0	0
0.1266614009	0.2286461513	0.3617115239	-0.0806810483	-0.0606564444		1991		spehrti01	-0.1	0	0.6	0	0	0	0	0	0	0
0.9040565479	0.0085340373	0.0796521641	0.1439997245	-0.0613151465		1995		cedenro01	0.8	0.2	-0.7	-0.4	-1	0	0	0	0	0
1.4449149802	1.4442288589	1.0630244693	0.8747210599	0.2851061344		1997		booneaa01	4.1	0	1.5	-0.7	0.4	-0.6	-0.3	0	0	0
3.066034063	3.8833303885	3.517838157	3.1657707722	1.8462925696		1971		hendrge01	5.8	2.6	2.8	3.9	2.7	1.3	3.1	1.1	-2	0.9
3.6681887717	3.975636429	4.0976105945	2.9875917407	2.8602253904		1989		justida01	3.8	2.2	3.8	2.1	3.1	5.1	0.5	1.6	0	0
0.1565749369	0.0773091112	0.1488629036	0.3643492372	0.1182065647		1983		quinolu01	1.9	0.1	-0.3	-0.2	0	0	0	0	0	0
1.7994058542	1.6827940153	1.4971069806	0.3404700436	-0.0270398363		2001		eckstda01	0.8	0	0.9	1.4	0	0	0	0	0	0
1.2560162759	1.8754981509	1.20124814	0.8590319456	1.2009500434		1972		grubbjo01	3.1	1	0.4	-0.3	0	1.1	1.2	-0.1	2.6	-0.1
3.8095840782	2.9293897061	2.055432551	2.082972866	1.7190290623		2005		choosh01	1.7	3.4	4.4	0.1	3.5	0.3	1.1	0	0	0
-0.0558595838	0.0160266889	-0.3004562707	-0.2421749678	-0.0630328691		1988		varshga01	-0.3	0.1	0	0	0	0	0	0	0	0
1.2127504986	1.1558860075	0.9895524406	0.3657849914	0.6624857513		1979		brookto01	1.9	0.3	0.3	1.1	-1.2	0.4	0	0	0	0
1.2499590633	0.899172322	0.8581533367	0.443345538	0.7034313577		1976		youngjo02	-1.2	2.1	-0.2	0.9	0.8	0	0.2	-0.7	0	0
0.1123905965	-0.2235813501	0.7617603354	0.4432841526	-0.0604019293		1972		brohaja01	-0.6	-0.2	-0.4	0	0	0	0	0	0	0
2.9798208989	3.7904506949	2.9462575313	2.4635778161	2.1463164315		1999		wellsve01	3.2	6.2	1.4	2	0.9	4	-0.5	0.6	-0.2	0
0.1189796712	-0.3938600716	-0.1044534265	-0.1867343572	-0.0607643134		1998		brownde02	-0.6	0	0	0	0	0	0	0	0	0
0.5348883517	0.5654020794	0.9348858613	0.9155265464	0.391717051		2008		rodrise01	0.2	-0.1	1.8	-0.4	0	0	0	0	0	0
-0.1854370711	0.1356101551	0.4620252278	-0.1092046125	-0.0617425914		1975		molinbo01	0.5	-0.3	-0.1	0	0	0	0	0	0	0
1.4783568462	2.2396606905	1.4575822579	1.1078107121	0.3919531265		1975		collida02	2.2	-0.7	1.6	3.1	1.3	1.4	0.9	-0.8	-0.2	-0.3
5.264167071	6.0779005337	5.9939976479	4.9702520867	3.721280025		1977		murraed02	6.6	7.1	5.6	4.1	3.8	3.2	2	5.1	1.2	1.6
0.3220013025	0.7356869557	1.1283562456	0.220867762	0.1199073135		2002		olivomi01	0.7	1.4	2.5	0.3	0.5	-0.1	-0.2	0	0	0
0.6358006821	0.5920370474	0.50169299	0.3283345535	0.226990262		1972		borgmgl01	0.8	-0.1	0.6	0	0	0	0	0	0	0
0.3082093188	0.0349595241	-0.1829504415	0.1084303027	-0.0598576661		2006		maiermi01	-0.8	0	0	0	0	0	0	0	0	0
0.2923844603	0.1017369824	0.0707418171	0.0126491999	-0.0610487388		1997		nunezab01	0	-0.6	2.3	-1.7	-0.8	-0.1	0	0	0	0
2.1986548823	2.3220886196	1.8286276983	0.7551124088	0.8048826455		1973		driesda01	0.6	2.6	0.4	1.9	2.1	2.3	0.3	0.5	-0.1	0
2.2674333613	0.7168162561	0.0339517304	1.0853696901	0.0947616099		2008		bruceja01	-1.1	0.8	0.6	2.9	0	0	0	0	0	0
1.7380717776	1.5089098092	2.0167161713	0.3934190655	0.807589429		2006		markani01	1.7	0.1	2	1.9	1.7	0.7	0	0	0	0
1.2318146739	0.6804572879	0.6394671391	0.5771748357	0.3608185649		1995		stynech01	1.1	0	2.3	-0.3	0	0	0	0	0	0
0.6622243553	0.2512301609	0.4419835758	-0.0099088464	-0.0635951268		1988		josefe01	0.8	-0.4	0	0	0	0	-0.3	0	0	0.2
1.6637393249	1.8829705549	1.1732137623	1.267337161	0.3518230576		1998		paytoja01	1.9	2.1	2	-0.4	1.1	0	0.3	0	0	0
1.3924299892	0.95777968	1.0804019542	0.6997442812	0.0866474576		1996		batisto01	3	-0.5	-0.2	0	-0.6	-0.2	0	0	0	0
-0.304788535	-0.2128555918	-0.1747480222	-0.2685106131	-0.0626068761		1997		suttola01	0	0	0	0	0	0	0	0	0	0
-0.2402183372	0.1553333978	-0.0265590029	-0.2519272011	-0.0675135133		2002		tagucso01	-0.2	-0.1	0	0	0	0	0	0	0	0
5.5655715203	4.7506911851	4.7458905436	5.8249887071	5.8450640783		1977		whitalo01	6.7	4.3	4.5	4.4	3.6	3.5	5.3	3.8	6.7	4.7
1.8693852662	1.749332729	2.203904417	1.7793626552	1.2667732752		1978		hubbagl01	2.8	3.3	1.1	3	2	0.3	0	0	0	0
1.5926409401	1.8019561547	1.8949541007	1.301494992	0.9621455936		1995		bellda01	3.3	3.2	0.2	4.4	0.9	1.4	0	0	0	0
2.1560586507	1.9789574911	2.0981801438	0.9591823392	1.2245744822		2004		swishni01	3.7	2	3.8	3.6	-1.2	-1.2	0	0	0	0
0.1514471205	0.1838234289	-0.236193967	0.1056634759	1.9414045858		1973		alexama01	0.5	0.4	0.3	0	0	0	0	0	0	0
-0.1234500377	-0.1406592233	-0.1373960267	-0.2661531959	-0.0641868783		1995		widgech01	0	0.2	0	0	0.2	-0.8	0	0	0	0
0.4411040341	-0.4656514141	0.3908600031	0.0073812712	-0.0645926358		1983		perryge01	-0.2	0.2	0.7	-0.4	0.9	0.8	-1	0	0	0
0.0336938158	-0.0377538834	-0.3849047979	-0.1292175489	-0.0606694474		1973		mackape01	0.2	1.1	-1.3	0	0	0	0	0	0	0
1.2014507377	0.802898645	0.9013952707	0.0972489115	0.3179686245		1993		hammoje01	2.2	2.2	0.7	-0.6	0.2	-0.1	-0.3	0	0	0
-0.0525822739	-0.1996270216	0.0746502769	-0.0783715348	-0.0605341538		1975		goodwda01	-0.9	-0.3	0	0	0	0	0	0	0	0
0.1329836092	-0.01905985	-0.0254927291	-0.0870218551	-0.0598903209		1979		heepda01	0.5	0.7	-1	0.4	0.3	-0.8	0.2	0	0	0
0.8113393915	0.8546493435	0.2384635187	0.1072051151	0.094306306		2001		chaveen01	0.6	0.8	0.2	0	1	-0.7	-0.8	0.4	0	0
1.5335053464	1.295511125	0.5175848893	0.4291355625	0.2108804089		1981		brenlbo01	3.2	-0.5	-0.6	0	0	0	0	0	0	0
4.3150708931	4.6492279731	5.2324366414	4.9295673503	3.5513140135		1997		hunteto01	3.8	4.2	3.1	3.3	3.9	3.5	5.2	3	3.8	5.7
3.8205876917	2.6861791729	3.5245382648	2.576581201	2.3431529516		1997		ordonma01	5.6	0.9	1.6	1.8	7.3	2.1	0.8	1.3	-1.5	0
-0.3573276371	0.1085845748	0.3835980529	-0.0123032433	-0.0619312756		1973		sadekmi01	-0.1	0.3	0.2	0	0	0	0	0	0	0
-0.7111278891	-0.4008524232	-0.0651057416	-0.2373912716	-0.0650982511		1999		maciajo01	-0.4	0	0	0	0	0	0	0	0	0
0.2470020312	-0.3436225955	-0.5156673677	-0.3082155045	-0.0679920699		1995		cordoma01	2.6	0.5	0.1	0	0	0	0	0	0	0
0.9910229868	0.0928222128	-0.6794429642	-0.1620427449	-0.0669757778		1999		durazer01	-0.3	0	0	0	0	0	0	0	0	0
2.1639681375	0.7747749745	0.778120328	0.842175348	0.3101742377		1972		cabelen01	2.8	-0.3	-0.3	-1.4	-0.2	3.2	1.3	1.2	-0.5	0
-0.2983276015	-0.1079206785	-0.2324334258	-0.1923893913	-0.062704616		1984		russejo02	-0.7	-0.4	-0.2	0.1	0	0	0	0	0	0
-0.0602630344	-0.0690987662	-0.3095003303	-0.0497784992	-0.060483706		1987		greggto01	-0.2	0	-0.6	0	-0.2	0	0	0	0	0
0.7970095743	0.5275270402	0.2193546882	-0.1702477817	-0.0622880526		1984		cottohe01	0.7	0.3	0.7	-0.5	0	0	0	0	0	0
0.178946615	0.2932848734	0.2262672399	0.1038356932	-0.0611256012		2004		mcdonda02	1.1	0.3	0.2	0.2	0	0	0	0	0	0
2.0998352474	1.367399036	0.9120359643	0.8608270922	1.5048464056		1981		brunato01	2.5	0.8	1.7	1.4	-0.3	1.4	-0.4	0	0	0
1.0224619968	1.2724525863	1.0303576162	0.3211128986	0.2999638433		2007		smithse01	0.3	4	1.9	0.5	0.3	0	0	0	0	0
1.3429857276	1.530739916	0.4491885792	0.3047083889	0.8215617626		1983		teufeti01	0.9	0.3	1	0.6	0.5	0	0	0	0	0
-0.1188237715	0.1145568759	-0.1928631517	0.01618418	-0.0609985222		1996		mcmilbi01	0	0.7	-0.4	0	0	0	0	0	0	0
0.0311774365	0.0291151424	-0.6853941825	-0.062364121	0.0145569347		1972		roberda06	-0.1	0.5	0.1	-0.1	-0.4	0	0	0	0	0
0.0546132832	0.241186938	0.0937725815	0.195127935	-0.0680746707		1996		ordonre01	-0.5	0.7	-0.4	0	0	0	0	0	0	0
1.5713414775	0.8500321169	0.5545596762	0.724613033	-0.0611705062		2008		joycema01	1.2	-1	1.7	1.7	0	0	0	0	0	0
-0.1720846677	0.1098299285	-0.0333244303	-0.0352871499	-0.0630139084		1974		jonesbo02	0	0.6	0	-0.2	-0.3	-0.1	-0.4	0	0	0
3.5425990444	3.0195897464	4.0960577131	3.4988851577	2.5049348125		1986		bellja01	3.9	6.2	3.4	1.2	2	5.4	3.9	4.9	0.8	0.4
1.2016581764	1.4012509166	1.0452603974	0.8552743315	0.90975265		1970		maddoel01	-0.4	0.8	0.9	0	1.7	0	0	0	0	0
0.1695956321	0.1252377501	0.2355962717	0.5292577521	-0.0257199791		1997		velanjo01	0.2	0	0	0	1	0	0	0	0	0
1.848327	1.9747826688	2.1719362299	1.2305343428	0.7357512588		2000		huffau01	1	0.3	4.1	-1.8	5.7	-0.3	0.2	0	0	0
0.9897629063	1.2286229559	1.073537211	0.8268685563	0.1963351324		1981		marshmi02	0.4	2.4	0.6	0.1	-0.1	0	0	0	0	0
-0.1031804355	0.2823442461	0.6979629266	0.2860073694	-0.0250848532		1976		pryorgr01	0.6	-0.4	0.6	-0.6	-0.7	0	0	0	0	0
4.479590928	5.017179389	3.4847428451	3.2127681868	2.7870220685		1989		belleal01	6.9	5.6	1.5	7.1	3.4	0.6	0	0	0	0
-0.055243778	0.3388024348	0.1098324626	-0.0411622655	0.1613772942		1981		greenda03	0.2	0	0	0	0	0	0	0	0	0
2.0829070716	1.8749559728	1.6735339084	1.0360067588	0.6096477309		2001		puntoni01	0.5	2.4	0.6	1.8	1.5	0.8	2.1	0.4	0	0
2.7324619191	1.344949391	2.6049662482	1.4012409338	1.1923240423		1999		kennead01	3.9	0.9	-1.4	2.5	1.1	0.6	0	0.3	0	0
-0.0035448268	0.3260254518	-0.5742400123	-0.1559019817	-0.0600003751		1983		stoneje01	-0.6	0	0	0	0	0	0	0	0	0
-0.1470726639	-0.0828671976	-0.0348526992	-0.1496429609	-0.0609907902		1993		mieskma01	0.7	-0.7	0	0	0	0	0	0	0	0
1.8396346586	0.9869355959	-0.0864318092	0.3406632865	0.4726831619		1977		kempst01	1	0.7	0.1	0.1	0	-0.4	0	0	0	0
-0.0690045065	0.301287727	-0.3326156138	-0.0361011411	-0.0614665924		1990		howarth01	-0.5	0.5	-0.4	0.3	-0.8	0	0	0	0	0
5.4632928731	5.0482439718	5.5040486661	4.1731452157	3.8894698927		1988		alomaro01	2.2	2.7	5.3	3.4	3.7	7.4	5.6	7.3	0.6	-0.1
0.2579405505	1.3087113221	0.9224233225	0.5174947505	0.0196538764		1986		jacksbo01	0	0.6	0.6	0	0	0	0	0	0	0
-0.1120734021	-0.3585187162	-0.4026107901	0.0646602901	-0.0629708903		1979		narroje01	0.1	0.1	-0.2	0	0	0	0	0	0	0
2.7655672967	2.0699453411	0.0961628719	1.3391207207	0.16902569		1993		burnije01	3.4	1.5	2.7	0	1.1	1.3	0.2	-0.7	0	0
2.517955582	1.765104549	0.86110796	0.1829657542	0.6378971		2007		maybica01	-0.8	0.6	0.6	2	1.7	0	0	0	0	0
1.31984263	-0.0670357516	0.9209588832	0.7433084875	0.1107014647		2008		ramiral03	3.1	1	-2.3	0	0	0	0	0	0	0
1.3815235206	1.2850740164	0.4510116167	0.6346877309	0.5492441908		1977		washiul01	1.1	0.2	0.6	0.2	0	0	0	0	0	0
0.824456859	0.0978409703	-0.0233419683	0.0498362423	-0.0621114236		1972		blankla01	0.3	-0.1	0.6	0	0	0	0	0	0	0
1.8596115984	2.0147432542	1.7102154553	1.560059372	0.9335821576		1983		oquenjo01	5.4	0.9	2	0.1	0.4	0.8	1.2	0	0	0
1.0390053851	0.4457377305	0.4349923604	0.8418072092	0.0321179795		1988		lemkema01	0.7	1.4	1.2	1.2	0.1	0	0	0	0	0
0.1906544487	0.0161846769	-0.0288240933	-0.2695165012	-0.0598925353		1991		pulliha01	0.1	0	0	0	0	0	0	0	0	0
0.5720932019	0.6163403124	0.3776190123	0.2216846498	0.205752419		1983		foleyto02	1.3	-0.2	-0.3	-0.8	-0.1	1.1	-0.2	0	0	0
1.8187982536	1.2446124957	0.8672817308	0.5812572787	0.0394285643		1997		bellhma01	-0.1	3.7	0.5	0.9	-0.1	0	0	0	0	0
3.9693918017	3.2641615327	3.0227014673	2.4321133344	2.7730285941		1992		salmoti01	3.7	2.3	4.4	1.2	4	2.8	-0.3	0	0.8	0
1.0050429159	0.6658394555	0.7452455452	0.0510039268	0.2488296038		1995		hollato01	1.4	1.3	0.1	1.2	-1	-0.1	0	0	0	0
0.7328540258	0.6768545451	0.6153565064	0.1676832417	0.0720899209		1981		sheripa01	0.4	1.6	0.7	0	-0.6	0	0	0	0	0
-0.0720875361	-0.1418745063	-0.3920114889	-0.0711126039	-0.0613170681		1986		shiplcr01	-0.2	-1.1	1	-0.6	0.7	0	0.2	0	0	0
2.6019195661	1.6011743612	2.5128069951	1.4442313507	1.7327118464		2002		hudsoor01	2.1	4.1	2.8	0.7	0.2	0	0	0	0	0
-0.6990360438	-1.2382236251	-0.0678757763	-0.3524998068	-0.065298087		2005		betanyu01	-0.5	-1.1	-1.9	0	0	0	0	0	0	0
4.2677924747	4.1762062623	2.699049997	1.8894592755	1.6195252693		2008		longoev01	3.3	3.2	3.9	3.6	0	0	0	0	0	0
-0.4951863531	-0.9098791171	-0.6557709073	-0.2733680689	-0.0671244924		2000		moellch01	-0.5	-0.7	0	0.2	-0.1	0	0	0	0	0
1.6122766256	1.5796696529	1.0978096479	1.0825521081	0.3096810988		1977		diazbo01	2.2	-0.1	0.9	2.3	2.4	0.3	-0.8	0	0	0
-0.0973946802	-0.3184933718	0.0808922769	0.2766961923	-0.0624368828		1989		anthoer01	0.4	-0.9	0	0	0	0	0	0	0	0
2.0631156096	2.3204297682	2.111623692	0.8080735981	1.1267226606		1997		hidalri01	5.7	1.1	0.6	0	0	0	0	0	0	0
0.1302672269	0.1138919994	-0.3915449694	-0.0203051931	0.1566999718		1978		nicosst01	0.4	-0.3	0	0	0	0	0	0	0	0
1.4725028788	-0.3069857	1.3746475609	1.2214452013	1.2989350171		1981		rayjo01	1.3	2.5	1.3	0.7	0	0	0	0	0	0
0.9468532219	0.0772386232	-0.4829564761	0.1546936054	-0.0621041775		2004		hairssc01	1	0.4	1.7	-0.8	-0.6	0	0	0	0	0
0.0211278816	0.6045632234	-0.1435862501	0.0007545625	0.1700592513		1988		worthcr01	0	0.5	0.1	0	0	0	0	0	0	0
0.6482669589	0.3992441077	0.5736651346	0.1599584997	0.5315726265		1996		cairomi01	-0.1	0	1.3	-0.5	0.8	0.2	0.3	0.3	0.7	1.6
0.3746140132	0.5999019633	0.6347083341	0.4125106989	0.2403600835		2006		sweenry01	0.7	0.5	-0.1	0	0	0	0	0	0	0
1.5584278684	2.2367146919	1.1961352468	1.8183653102	1.5188614285		1991		sanchre01	0.3	1.9	3.5	2.3	3.4	1.4	0.1	1.5	-0.4	0
3.0268471087	3.7494224556	2.480221601	1.4946212647	1.9545562329		2005		mccanbr01	2.5	0.8	2.3	1.8	2.8	0.9	1.2	0	0	0
0.5715843564	0.0884831217	-0.0593963796	0.0053519781	-0.0623590086		2002		bardjo01	-0.3	-1.2	0	0	0	0	0	0	0	0
1.35063789	1.2933844181	1.1011973826	1.1336768048	0.664736075		1971		randlle01	4.2	0.8	-0.5	1.4	0.6	-0.2	0	0	0	0
0.1738889803	0.0185786245	0.2576466178	-0.0438374302	-0.0633149686		2009		corpoca01	-0.5	0	0	0	0	0	0	0	0	0
0.1451559892	0.2444294173	-0.0425610092	0.0368284428	0.0877487435		1980		landrti01	0.3	-0.1	-0.3	0	0	0	0	0	0	0
-0.1512233847	-0.1128759665	-0.0375353108	-0.0498623646	-0.0624144558		1990		leiussc01	-0.6	0	-0.8	-0.8	0	0	0	0	0	0
1.9567727321	1.7517703612	1.3956955725	1.2441680925	0.7171881547		1974		knighra01	2.4	1.3	3.1	3.1	-1.1	-0.4	2.3	0.5	-1	0
